<null>,<null>,,,,,,,,,,,,,,,,,,,,,,,
,"00-
01","01-
02","02-
03","03-
04","04-
05","05-
06","06-
07","07-
08","08-
09","09-
10","10-
11","11-
12","12-
13","13-
14","14-
15","15-
16","16-
17","17-
18","18-
19","19-
20","20-
21","21-
22","22-
23","23-
00"
car,97,96,94,93,92,93,90,92,90,90,89,89,89,88,87,87,85,85,85,87,88,90,93,96
cargo,83,83,82,82,83,83,82,83,82,81,80,80,80,80,80,80,79,79,79,80,80,81,82,83
,,,,,,,,,,,,,,,,,,,,,,,,
cargo,76,75,75,74,74,76,79,79,77,75,74,73,74,74,73,73,73,73,73,74,76,74,75,77
cargo,83,81,78,76,80,77,76,76,72,73,72,71,73,74,72,72,71,70,70,73,74,77,80,83
,,,,,,,,,,,,,,,,,,,,,,,,
cargo,91,,74,66,74,94,-,121,-,69,65,-,71,-,71,72,66,85,59,68,-,75,77,70
cargo,75,78,78,77,76,78,85,84,84,84,81,82,83,82,81,81,80,78,77,79,80,80,81,79
,,,,,,,,,,,,,,,,,,,,,,,,
cargo,72,74,73,71,73,72,71,72,67,68,66,68,67,66,68,68,66,68,65,68,69,71,72,71
cargo,102,101,103,101,103,106,109,104,99,99,97,97,97,97,93,93,93,89,89,91,96,98,104,105
,,,,,,,,,,,,,,,,,,,,,,,,
cargo,79,79,78,76,79,80,77,77,72,75,73,72,72,72,74,72,73,68,71,71,69,72,73,77
cargo,81,83,81,82,83,82,80,82,80,78,77,77,77,78,79,79,74,73,75,76,76,74,80,84
,,,,,,,,,,,,,,,,,,,,,,,,
cargo,78,78,78,78,78,77,77,76,74,74,74,74,74,74,74,74,73,72,72,73,74,75,76,78
cargo,77,78,78,77,77,77,76,75,73,73,73,73,73,73,72,72,72,70,70,71,72,73,75,76
,,,,,,,,,,,,,,,,,,,,,,,,
cargo,77,77,76,74,74,74,74,75,73,72,72,72,72,72,72,72,70,70,70,70,73,74,76,77
cargo,73,75,74,74,74,72,72,73,73,70,69,69,71,70,70,70,70,68,68,68,69,70,70,72
,,,,,,,,,,,,,,,,,,,,,,,,
cargo,72,77,74,73,70,73,73,71,69,70,66,68,69,69,71,66,69,63,64,69,69,69,71,71
,-,-,-,-,-,-,-,-,-,-,-,-,-,-,-,-,-,-,-,-,-,-,-,-
,,,,,,,,,,,,,,,,,,,,,,,,
,112,114,111,108,109,111,113,118,116,112,115,113,112,113,111,115,113,108,108,110,111,107,109,109
cargo,84,75,79,88,83,89,84,98,86,86,86,86,85,84,88,83,84,80,80,83,84,79,85,88
,,,,,,,,,,,,,,,,,,,,,,,,
car,86,86,84,83,84,83,82,85,82,81,81,80,81,81,79,79,76,76,76,77,79,79,84,86
<null>,<null>,,,,,,,,,,,,,,,,,,,,,,,
,"00-
01","01-
02","02-
03","03-
04","04-
05","05-
06","06-
07","07-
08","08-
09","09-
10","10-
11","11-
12","12-
13","13-
14","14-
15","15-
16","16-
17","17-
18","18-
19","19-
20","20-
21","21-
22","22-
23","23-
00"
car,101,100,99,98,99,100,101,101,101,101,101,101,101,102,102,101,101,101,101,101,101,101,101,102
cargo,87,87,86,86,87,88,90,90,91,91,91,91,91,91,91,91,91,90,90,90,89,89,88,88
,,,,,,,,,,,,,,,,,,,,,,,,
cargo,77,76,75,75,74,75,77,75,75,75,75,75,75,75,75,76,75,76,76,77,77,77,77,77
cargo,55,54,55,51,52,54,60,69,65,65,64,69,68,68,67,69,70,68,64,65,64,61,58,58
,,,,,,,,,,,,,,,,,,,,,,,,
cargo,36,,36,36,36,35,37,37,36,36,36,35,35,35,35,35,36,35,35,35,34,35,35,36
cargo,110,110,102,104,110,108,96,95,99,103,99,100,101,102,100,102,99,100,99,99,99,101,104,110
,,,,,,,,,,,,,,,,,,,,,,,,
cargo,75,76,74,74,73,74,72,72,73,72,74,74,74,73,73,74,74,74,75,74,74,74,75,75
cargo,162,162,159,158,161,163,161,157,157,152,153,152,154,150,146,148,149,147,152,152,153,155,158,160
,,,,,,,,,,,,,,,,,,,,,,,,
cargo,79,77,78,77,81,81,80,81,78,79,78,79,76,81,80,80,80,78,80,78,75,75,80,80
cargo,93,90,93,94,93,95,91,92,95,93,92,92,92,94,92,92,93,96,92,91,91,93,91,91
,,,,,,,,,,,,,,,,,,,,,,,,
cargo,81,81,80,81,80,80,80,80,81,81,81,81,81,81,82,82,81,81,81,81,81,81,81,81
cargo,80,80,80,80,80,80,80,79,79,80,80,80,80,80,80,80,80,79,79,79,79,79,80,80
,,,,,,,,,,,,,,,,,,,,,,,,
cargo,78,78,77,76,75,75,77,75,75,76,77,77,78,78,78,79,79,79,79,79,79,79,80,79
cargo,76,77,76,76,74,75,75,74,76,75,75,75,75,77,76,77,75,74,74,74,75,75,75,76
,,,,,,,,,,,,,,,,,,,,,,,,
cargo,76,75,75,75,78,80,80,77,78,80,81,75,76,77,84,80,78,80,78,77,77,78,77,78
,-,-,-,-,-,-,-,-,-,-,-,-,-,-,-,-,-,-,-,-,-,-,-,-
,,,,,,,,,,,,,,,,,,,,,,,,
,114,115,116,115,113,116,119,125,121,123,125,131,127,129,132,131,131,130,127,130,124,125,120,113
cargo,84,82,81,81,81,86,90,88,89,89,88,89,89,88,89,92,90,89,89,89,86,86,86,83
,,,,,,,,,,,,,,,,,,,,,,,,
car,90,89,89,88,89,88,90,91,89,90,90,90,90,90,91,90,90,91,91,91,91,91,91,90
<null>,<null>,,,,,,,,,,,,,,,,,,,,,,,
,"00-
01","01-
02","02-
03","03-
04","04-
05","05-
06","06-
07","07-
08","08-
09","09-
10","10-
11","11-
12","12-
13","13-
14","14-
15","15-
16","16-
17","17-
18","18-
19","19-
20","20-
21","21-
22","22-
23","23-
00"
car,102,101,100,99,100,101,103,105,105,105,106,106,106,107,107,108,107,106,106,106,106,105,104,103
cargo,84,84,83,84,86,87,87,88,91,92,92,92,92,91,91,91,90,89,88,88,87,86,85,84
,,,,,,,,,,,,,,,,,,,,,,,,
cargo,77,77,75,74,75,75,74,75,74,74,75,74,75,75,75,75,76,76,76,76,76,76,76,77
cargo,77,77,78,78,76,78,78,81,80,80,79,81,80,79,79,80,81,82,83,81,81,78,79,78
,,,,,,,,,,,,,,,,,,,,,,,,
cargo,87,,79,85,79,76,75,71,83,77,82,81,79,77,68,70,80,82,76,71,84,70,79,74
cargo,76,77,77,78,76,77,79,80,79,79,80,80,81,83,84,84,82,83,78,78,76,77,78,77
,,,,,,,,,,,,,,,,,,,,,,,,
cargo,76,76,76,75,74,74,74,73,73,74,74,74,75,75,75,72,73,73,74,74,74,74,75,76
cargo,75,76,75,76,75,78,73,79,82,81,82,80,81,82,82,81,77,80,77,78,76,77,80,76
,,,,,,,,,,,,,,,,,,,,,,,,
cargo,77,75,78,78,76,76,71,72,76,76,79,79,77,80,81,80,80,78,77,80,79,77,76,76
cargo,79,80,82,82,81,78,83,80,83,80,84,83,83,80,82,82,83,82,82,82,80,83,81,81
,,,,,,,,,,,,,,,,,,,,,,,,
cargo,79,78,78,77,79,79,80,81,81,81,81,81,81,81,81,81,81,80,80,80,80,80,80,79
cargo,79,79,78,78,78,79,79,80,80,80,80,80,80,80,80,80,80,79,79,79,79,79,79,79
,,,,,,,,,,,,,,,,,,,,,,,,
cargo,77,76,75,76,75,76,76,76,75,77,77,77,78,78,79,79,79,78,77,78,79,79,79,77
cargo,78,78,79,79,78,78,78,77,78,78,79,80,79,79,79,80,79,78,78,77,78,77,77,77
,,,,,,,,,,,,,,,,,,,,,,,,
cargo,76,76,77,76,74,74,76,75,77,81,80,81,80,81,79,79,79,79,78,75,78,76,75,76
,-,-,-,-,-,-,-,-,-,-,-,-,-,-,-,-,-,-,-,-,-,-,-,-
,,,,,,,,,,,,,,,,,,,,,,,,
,86,89,86,85,89,89,85,88,90,91,93,92,94,94,91,91,90,90,87,86,86,86,88,88
cargo,79,80,79,82,87,81,84,96,95,94,100,101,100,98,96,102,97,90,91,90,89,85,79,69
,,,,,,,,,,,,,,,,,,,,,,,,
car,88,89,88,88,89,89,89,88,90,91,90,90,91,92,92,93,92,91,92,91,92,90,89,89
<null>,<null>,,,,,,,,,,,,,,,,,,,,,,,
,"00-
01","01-
02","02-
03","03-
04","04-
05","05-
06","06-
07","07-
08","08-
09","09-
10","10-
11","11-
12","12-
13","13-
14","14-
15","15-
16","16-
17","17-
18","18-
19","19-
20","20-
21","21-
22","22-
23","23-
00"
car,82,82,82,81,83,83,85,86,86,86,86,85,85,85,86,85,84,82,82,84,83,83,82,82
cargo,71,71,70,71,72,72,74,76,76,76,75,75,75,75,76,75,75,73,73,75,74,73,72,71
,,,,,,,,,,,,,,,,,,,,,,,,
cargo,68,68,68,68,67,67,68,68,67,67,68,67,67,67,67,66,66,65,65,67,67,67,68,68
cargo,69,68,68,66,67,67,69,71,70,68,68,67,66,66,67,67,66,64,66,66,68,67,66,67
,,,,,,,,,,,,,,,,,,,,,,,,
cargo,76,,52,62,66,72,53,61,70,79,76,66,57,55,67,66,50,55,62,46,75,67,53,65
cargo,69,70,69,70,71,71,71,75,77,74,74,73,72,74,73,74,73,72,73,71,71,69,70,71
,,,,,,,,,,,,,,,,,,,,,,,,
cargo,67,67,69,68,67,65,66,68,68,67,66,65,66,67,66,66,65,64,64,64,65,64,65,67
cargo,69,69,66,67,69,71,69,71,69,71,71,71,68,71,71,68,69,69,68,69,68,69,69,70
,,,,,,,,,,,,,,,,,,,,,,,,
cargo,68,69,64,65,67,66,68,67,70,69,70,67,70,70,70,70,68,65,65,66,66,64,62,66
cargo,73,73,71,75,73,73,70,68,70,70,72,71,69,69,68,67,64,61,63,68,70,70,72,71
,,,,,,,,,,,,,,,,,,,,,,,,
cargo,72,72,72,71,72,72,73,74,73,74,74,74,74,74,74,74,73,72,71,71,72,72,71,72
cargo,70,70,70,70,70,71,72,72,72,72,73,73,73,73,73,72,72,70,69,70,69,69,69,69
,,,,,,,,,,,,,,,,,,,,,,,,
cargo,69,70,70,69,70,71,71,71,71,71,71,71,71,71,72,71,72,70,69,70,69,69,70,70
cargo,66,68,68,68,68,69,69,67,69,70,70,70,69,70,70,69,69,66,65,65,66,65,66,67
,,,,,,,,,,,,,,,,,,,,,,,,
cargo,65,63,64,66,67,65,66,67,67,68,66,68,65,68,65,69,68,62,64,65,65,63,64,67
,-,-,-,-,-,-,-,-,-,-,-,-,-,-,-,-,-,-,-,-,-,-,-,-
,,,,,,,,,,,,,,,,,,,,,,,,
,68,68,68,69,69,67,67,70,69,68,70,71,71,70,70,70,68,67,66,68,66,66,65,68
cargo,59,58,62,48,48,80,60,66,86,80,87,81,69,83,83,84,82,76,88,62,114,61,66,51
,,,,,,,,,,,,,,,,,,,,,,,,
car,74,74,74,75,76,76,77,79,79,79,78,77,76,77,77,77,75,73,74,76,76,76,75,75
<null>,<null>,,,,,,,,,,,,,,,,,,,,,,,
,"00-
01","01-
02","02-
03","03-
04","04-
05","05-
06","06-
07","07-
08","08-
09","09-
10","10-
11","11-
12","12-
13","13-
14","14-
15","15-
16","16-
17","17-
18","18-
19","19-
20","20-
21","21-
22","22-
23","23-
00"
car,95,94,94,94,95,95,96,98,98,97,97,96,96,97,96,96,95,94,95,95,95,94,95,95
cargo,86,84,84,84,87,90,90,92,91,90,89,88,88,88,89,89,88,88,88,88,88,88,86,86
,,,,,,,,,,,,,,,,,,,,,,,,
cargo,92,89,87,86,89,95,99,101,102,99,97,98,98,99,99,99,100,100,100,99,99,97,96,94
cargo,67,66,68,69,72,69,70,73,73,71,73,73,73,73,73,74,75,74,74,73,72,70,69,68
,,,,,,,,,,,,,,,,,,,,,,,,
cargo,76,,74,61,73,84,80,90,90,57,82,76,65,81,76,83,76,91,87,80,78,78,78,80
cargo,75,71,71,74,74,78,87,91,90,85,85,85,85,86,86,87,87,85,86,86,85,81,77,76
,,,,,,,,,,,,,,,,,,,,,,,,
cargo,73,72,72,72,71,73,71,72,72,70,70,71,71,72,73,74,73,73,72,71,73,72,72,72
cargo,78,77,75,77,78,80,81,81,83,82,82,83,82,82,83,81,81,79,81,79,78,77,78,79
,,,,,,,,,,,,,,,,,,,,,,,,
cargo,74,75,73,72,70,77,80,80,79,78,80,79,80,79,79,78,78,78,77,77,75,75,75,76
cargo,78,80,86,85,88,87,78,83,79,80,82,79,81,83,82,84,84,81,78,70,72,78,81,81
,,,,,,,,,,,,,,,,,,,,,,,,
cargo,76,76,76,76,76,76,77,77,77,78,78,78,78,78,78,78,78,77,77,76,76,76,76,76
cargo,75,75,74,74,74,75,76,76,76,77,77,77,77,77,77,77,76,76,75,75,75,74,75,75
,,,,,,,,,,,,,,,,,,,,,,,,
cargo,72,73,73,73,71,72,73,73,75,72,72,73,74,73,73,73,72,72,73,73,74,72,71,72
cargo,72,71,71,72,71,72,73,73,72,72,74,73,74,74,74,74,74,73,72,72,72,72,73,73
,,,,,,,,,,,,,,,,,,,,,,,,
cargo,73,68,65,71,69,66,74,75,76,74,73,73,75,75,75,77,73,77,71,74,72,72,71,74
,-,-,-,-,-,-,-,-,-,-,-,-,-,-,-,-,-,-,-,-,-,-,-,-
,,,,,,,,,,,,,,,,,,,,,,,,
,87,87,84,83,83,86,89,87,86,84,88,87,88,90,91,90,87,88,86,84,84,83,85,87
cargo,104,105,101,101,110,109,112,111,112,112,111,112,111,111,111,110,111,110,111,112,111,108,105,106
,,,,,,,,,,,,,,,,,,,,,,,,
car,85,84,84,85,89,89,87,88,88,86,86,86,86,86,86,86,86,86,86,85,84,84,84,85
<null>,<null>,,,,,,,,,,,,,,,,,,,,,,,
,"00-
01","01-
02","02-
03","03-
04","04-
05","05-
06","06-
07","07-
08","08-
09","09-
10","10-
11","11-
12","12-
13","13-
14","14-
15","15-
16","16-
17","17-
18","18-
19","19-
20","20-
21","21-
22","22-
23","23-
00"
car,86,86,85,85,84,87,90,88,88,86,86,86,86,86,86,87,86,85,85,86,85,85,85,86
cargo,81,81,80,81,80,82,84,83,85,84,82,83,83,82,83,83,82,82,81,81,80,80,80,81
,,,,,,,,,,,,,,,,,,,,,,,,
cargo,69,69,67,68,74,73,70,66,69,68,67,68,67,68,66,66,66,69,69,65,67,70,70,72
cargo,72,70,67,66,72,72,71,73,71,73,71,70,71,71,72,72,70,70,70,69,64,70,72,74
,,,,,,,,,,,,,,,,,,,,,,,,
cargo,69,,84,75,72,79,79,77,87,78,81,65,59,21,75,14,55,86,25,80,60,66,74,76
cargo,71,69,69,65,72,77,82,79,83,78,80,76,80,78,81,80,77,76,73,72,75,76,73,72
,,,,,,,,,,,,,,,,,,,,,,,,
cargo,71,65,69,68,76,75,63,61,66,70,67,66,65,65,68,69,68,67,72,69,68,68,67,68
cargo,68,77,76,83,68,70,58,42,46,60,52,59,50,55,52,47,46,51,52,53,50,44,54,66
,,,,,,,,,,,,,,,,,,,,,,,,
cargo,74,76,76,79,78,71,57,57,62,52,55,53,52,50,56,53,55,52,58,59,55,57,66,70
cargo,76,73,78,71,75,74,74,73,77,78,77,76,75,78,78,72,74,66,77,75,79,76,77,74
,,,,,,,,,,,,,,,,,,,,,,,,
cargo,77,77,77,76,76,77,79,80,79,79,78,78,78,78,78,79,77,76,76,76,76,76,76,77
cargo,76,77,77,77,76,77,78,79,79,78,78,78,78,78,78,78,77,76,76,75,75,75,75,76
,,,,,,,,,,,,,,,,,,,,,,,,
cargo,76,77,79,77,77,77,79,79,78,78,79,78,77,78,77,76,77,75,75,74,74,75,75,75
cargo,73,72,69,73,73,75,75,77,75,77,76,76,76,76,76,75,74,72,72,71,70,71,72,72
,,,,,,,,,,,,,,,,,,,,,,,,
cargo,76,75,74,76,77,74,69,66,70,70,67,58,70,65,66,65,64,64,64,70,64,67,70,73
,-,-,-,-,-,-,-,-,-,-,-,-,-,-,-,-,-,-,-,-,-,-,-,-
,,,,,,,,,,,,,,,,,,,,,,,,
,74,72,71,77,80,79,77,78,85,86,84,85,85,80,81,79,78,80,78,80,74,78,74,74
cargo,73,72,73,65,-,60,-,90,69,69,78,77,79,61,69,80,63,54,48,69,71,67,65,66
,,,,,,,,,,,,,,,,,,,,,,,,
car,77,77,79,77,81,83,81,82,82,81,80,78,80,79,80,79,78,80,80,79,79,79,76,79
<null>,<null>,,,,,,,,,,,,,,,,,,,,,,,
,"00-
01","01-
02","02-
03","03-
04","04-
05","05-
06","06-
07","07-
08","08-
09","09-
10","10-
11","11-
12","12-
13","13-
14","14-
15","15-
16","16-
17","17-
18","18-
19","19-
20","20-
21","21-
22","22-
23","23-
00"
car,67,67,68,65,67,66,65,64,64,63,63,63,64,64,64,64,64,65,65,66,66,66,67,67
cargo,63,64,63,58,64,64,64,63,62,62,62,63,63,62,62,62,62,62,63,63,63,64,64,65
,,,,,,,,,,,,,,,,,,,,,,,,
cargo,62,65,65,63,62,62,62,61,60,60,60,60,60,60,60,60,60,60,59,60,64,61,62,61
cargo,64,64,67,77,66,68,65,63,63,61,63,62,62,62,63,62,62,63,64,66,64,63,64,65
,,,,,,,,,,,,,,,,,,,,,,,,
cargo,-,,-,-,-,-,-,-,-,-,-,-,-,-,71,-,-,74,-,-,64,-,71,60
cargo,65,65,64,64,62,64,65,64,64,63,63,63,62,62,63,63,63,63,62,63,64,65,65,64
,,,,,,,,,,,,,,,,,,,,,,,,
cargo,61,61,61,50,61,61,62,63,60,58,58,59,58,58,59,60,59,59,60,61,62,62,62,61
cargo,66,70,65,69,66,62,56,64,60,60,61,63,57,57,58,59,59,61,65,65,65,66,65,67
,,,,,,,,,,,,,,,,,,,,,,,,
cargo,62,65,65,61,61,61,64,65,67,62,62,60,61,64,62,63,63,64,65,64,64,64,65,64
cargo,69,63,75,62,66,69,67,63,61,68,65,66,64,64,64,65,67,65,63,65,65,64,64,65
,,,,,,,,,,,,,,,,,,,,,,,,
cargo,70,70,71,80,71,71,69,67,66,67,66,65,65,66,65,65,65,66,66,67,67,66,68,69
cargo,67,67,70,66,68,67,67,67,67,65,65,65,65,64,65,64,65,65,65,65,66,65,66,66
,,,,,,,,,,,,,,,,,,,,,,,,
cargo,64,72,64,61,63,64,67,63,65,64,63,61,62,64,62,63,63,65,67,64,59,59,60,65
cargo,68,67,68,50,71,70,68,67,67,65,63,64,64,65,64,63,64,64,65,64,66,64,67,65
,,,,,,,,,,,,,,,,,,,,,,,,
cargo,63,63,61,69,57,59,66,67,65,61,64,63,65,63,62,61,61,62,63,62,67,61,61,64
,-,-,-,-,-,-,-,-,-,-,-,-,-,-,-,-,-,-,-,-,-,-,-,-
,,,,,,,,,,,,,,,,,,,,,,,,
,69,70,69,71,68,75,68,68,69,66,66,67,67,65,66,68,67,66,65,68,70,69,69,71
cargo,70,65,64,62,59,61,62,63,60,60,59,62,63,63,63,64,65,66,66,68,70,65,60,68
,,,,,,,,,,,,,,,,,,,,,,,,
car,70,58,52,73,69,64,64,65,63,64,62,77,65,65,64,66,62,66,72,63,68,71,70,59
<null>,<null>,,,,,,,,,,,,,,,,,,,,,,,
,"00-
01","01-
02","02-
03","03-
04","04-
05","05-
06","06-
07","07-
08","08-
09","09-
10","10-
11","11-
12","12-
13","13-
14","14-
15","15-
16","16-
17","17-
18","18-
19","19-
20","20-
21","21-
22","22-
23","23-
00"
car,92,92,91,91,90,92,91,95,94,93,94,94,97,97,97,98,96,95,94,93,91,92,93,93
cargo,75,74,74,73,72,73,75,77,77,77,77,78,78,78,78,79,76,76,76,74,73,73,73,73
,,,,,,,,,,,,,,,,,,,,,,,,
cargo,70,72,70,70,69,69,71,70,70,70,69,70,71,70,70,72,71,72,71,72,69,71,71,72
cargo,77,79,75,76,75,67,64,69,71,73,72,74,75,72,73,74,74,75,76,70,73,76,73,78
,,,,,,,,,,,,,,,,,,,,,,,,
cargo,-,,-,-,-,-,-,-,-,-,-,-,-,-,-,-,-,-,-,-,-,-,66,-
cargo,74,76,72,75,73,75,74,77,75,77,77,75,77,75,76,77,74,73,74,73,73,73,74,74
,,,,,,,,,,,,,,,,,,,,,,,,
cargo,73,76,74,72,73,71,73,74,74,71,71,71,71,71,72,72,72,70,73,72,70,72,73,73
cargo,74,74,74,69,70,75,74,80,76,76,78,79,79,81,81,79,77,77,77,73,73,76,70,77
,,,,,,,,,,,,,,,,,,,,,,,,
cargo,71,73,63,69,62,77,77,73,72,74,77,76,74,78,74,74,72,74,75,73,72,72,70,74
cargo,88,73,79,71,87,71,78,75,79,80,79,75,75,79,77,75,76,79,74,73,73,73,72,71
,,,,,,,,,,,,,,,,,,,,,,,,
cargo,77,77,76,75,75,76,77,78,79,79,79,79,80,80,80,80,79,78,77,76,76,77,77,77
cargo,75,75,75,75,75,76,76,77,78,78,77,78,79,78,79,79,77,76,76,75,75,75,74,75
,,,,,,,,,,,,,,,,,,,,,,,,
cargo,77,80,71,65,74,68,78,78,79,72,73,79,77,75,75,78,71,73,73,77,75,74,76,73
cargo,76,75,70,77,72,73,75,76,76,76,76,76,74,75,78,76,75,74,77,75,74,74,74,75
,,,,,,,,,,,,,,,,,,,,,,,,
cargo,69,68,66,78,64,71,82,79,75,73,71,76,77,74,77,74,74,77,70,77,70,73,68,75
,-,-,-,-,-,-,-,-,-,-,-,-,-,-,-,-,-,-,-,-,-,-,-,-
,,,,,,,,,,,,,,,,,,,,,,,,
,83,85,86,77,78,80,85,87,82,84,83,82,82,79,77,82,83,82,79,75,75,76,79,79
cargo,70,76,71,72,71,75,76,75,75,78,77,77,79,78,78,80,80,83,80,75,72,72,74,69
,,,,,,,,,,,,,,,,,,,,,,,,
car,71,-,-,85,-,-,96,75,-,-,-,105,89,88,78,93,62,-,-,74,63,-,74,-
<null>,<null>,,,,,,,,,,,,,,,,,,,,,,,
,"00-
01","01-
02","02-
03","03-
04","04-
05","05-
06","06-
07","07-
08","08-
09","09-
10","10-
11","11-
12","12-
13","13-
14","14-
15","15-
16","16-
17","17-
18","18-
19","19-
20","20-
21","21-
22","22-
23","23-
00"
car,59,59,59,58,59,60,58,56,55,54,55,55,55,55,56,55,55,55,55,56,57,57,58,58
cargo,57,58,57,57,57,59,57,56,54,54,55,55,55,55,56,55,55,55,55,56,57,56,57,58
,,,,,,,,,,,,,,,,,,,,,,,,
cargo,52,54,53,54,54,56,53,51,48,49,48,49,49,49,49,50,49,50,50,52,52,51,52,52
cargo,50,50,52,50,57,55,54,53,50,48,49,50,50,51,50,51,50,48,49,50,51,50,50,52
,,,,,,,,,,,,,,,,,,,,,,,,
cargo,64,,-,37,47,53,47,43,48,41,46,46,39,42,45,50,51,51,54,44,42,50,29,44
cargo,53,52,55,57,52,57,55,56,51,49,54,51,54,53,51,53,54,53,54,55,54,52,53,54
,,,,,,,,,,,,,,,,,,,,,,,,
cargo,52,56,54,54,55,52,50,51,51,51,50,50,50,50,50,50,49,50,49,49,49,48,50,49
cargo,55,65,62,58,63,64,58,48,47,43,38,44,43,45,47,50,46,47,50,53,54,50,55,54
,,,,,,,,,,,,,,,,,,,,,,,,
cargo,52,55,52,56,56,58,57,50,46,43,38,42,45,49,49,48,48,47,52,51,55,50,52,54
cargo,56,54,55,57,60,56,57,54,50,52,51,51,52,53,52,50,53,53,54,52,53,53,54,53
,,,,,,,,,,,,,,,,,,,,,,,,
cargo,55,55,56,56,56,59,58,56,55,55,55,55,55,56,55,56,55,54,55,55,55,54,55,55
cargo,53,54,55,55,55,56,56,55,55,54,54,54,54,55,55,54,54,53,53,54,53,53,53,54
,,,,,,,,,,,,,,,,,,,,,,,,
cargo,57,59,59,59,59,57,57,55,53,52,52,51,52,51,52,52,51,51,54,53,54,56,55,55
cargo,51,51,51,51,54,54,56,54,54,52,52,53,54,53,53,53,52,51,52,52,51,50,51,51
,,,,,,,,,,,,,,,,,,,,,,,,
cargo,56,55,55,58,61,62,60,58,55,46,39,42,56,56,55,56,53,53,56,57,58,56,57,58
,-,-,-,-,-,-,-,-,-,-,-,-,-,-,-,-,-,-,-,-,-,-,-,-
,,,,,,,,,,,,,,,,,,,,,,,,
,62,59,59,60,64,68,83,74,72,71,84,77,78,78,79,78,76,73,69,66,61,59,60,60
cargo,57,57,56,57,58,63,60,57,55,55,51,55,57,57,56,54,55,56,57,56,59,55,55,57
,,,,,,,,,,,,,,,,,,,,,,,,
car,55,59,62,57,60,59,58,56,54,54,53,54,54,54,54,54,54,54,54,55,55,54,54,55
<null>,<null>,,,,,,,,,,,,,,,,,,,,,,,
,"00-
01","01-
02","02-
03","03-
04","04-
05","05-
06","06-
07","07-
08","08-
09","09-
10","10-
11","11-
12","12-
13","13-
14","14-
15","15-
16","16-
17","17-
18","18-
19","19-
20","20-
21","21-
22","22-
23","23-
00"
car,70,70,69,70,70,71,70,67,67,67,67,67,68,68,68,68,67,67,67,68,68,68,69,70
cargo,68,68,68,68,68,69,68,66,66,65,66,65,66,67,67,67,66,65,65,66,67,66,67,67
,,,,,,,,,,,,,,,,,,,,,,,,
cargo,63,63,63,61,61,63,60,60,59,59,59,58,59,59,58,60,59,59,59,60,60,59,60,61
cargo,51,59,56,61,60,59,59,61,60,59,60,60,59,58,61,60,59,58,58,57,55,56,55,54
,,,,,,,,,,,,,,,,,,,,,,,,
cargo,-,,-,-,-,23,49,30,53,55,45,42,52,58,48,39,30,49,29,52,21,56,-,25
cargo,63,64,65,64,65,63,65,66,64,64,61,62,63,62,59,60,63,64,65,63,63,65,64,65
,,,,,,,,,,,,,,,,,,,,,,,,
cargo,63,63,64,64,64,62,62,62,60,60,60,60,59,58,60,59,60,60,60,60,60,61,60,63
cargo,62,65,67,63,61,65,68,63,63,59,55,55,53,53,51,52,51,46,54,54,60,63,62,61
,,,,,,,,,,,,,,,,,,,,,,,,
cargo,64,61,64,59,64,63,57,60,56,58,57,56,57,58,59,58,58,58,60,58,60,62,60,62
cargo,67,63,63,62,63,65,67,61,64,63,64,63,64,67,67,65,63,64,65,65,64,64,65,63
,,,,,,,,,,,,,,,,,,,,,,,,
cargo,66,65,66,66,67,68,68,66,67,68,68,68,68,68,68,68,67,66,66,66,65,65,65,66
cargo,64,64,64,64,64,65,65,66,66,66,66,66,66,66,66,66,65,65,64,64,63,63,63,64
,,,,,,,,,,,,,,,,,,,,,,,,
cargo,67,67,67,66,67,66,66,68,67,66,66,64,65,63,63,66,64,66,64,64,64,65,65,66
cargo,63,63,61,64,62,64,66,64,65,65,66,64,63,65,64,63,63,63,62,63,61,60,61,62
,,,,,,,,,,,,,,,,,,,,,,,,
cargo,61,65,63,66,62,53,60,61,54,62,57,50,56,56,61,55,53,57,61,60,59,65,61,58
,-,-,-,-,-,-,-,-,-,-,-,-,-,-,-,-,-,-,-,-,-,-,-,-
,,,,,,,,,,,,,,,,,,,,,,,,
,66,67,66,67,64,63,68,72,71,73,71,75,74,80,77,74,73,73,72,68,68,67,65,66
cargo,61,52,63,55,76,66,67,67,67,66,64,70,65,65,66,66,69,66,63,62,70,70,74,72
car,car,,,,,,,,,,,,,,,,,,,,,,,
cargo,cargo,63,68,65,65,68,68,64,64,63,63,63,64,64,64,64,63,64,64,63,64,63,65,64
,,,,,,,,,,,,,,,,,,,,,,,,
cargo,cargo,"01-
02","02-
03","03-
04","04-
05","05-
06","06-
07","07-
08","08-
09","09-
10","10-
11","11-
12","12-
13","13-
14","14-
15","15-
16","16-
17","17-
18","18-
19","19-
20","20-
21","21-
22","22-
23","23-
00"
cargo,cargo,104,103,102,104,106,108,110,111,110,109,110,110,111,112,112,112,111,111,110,110,109,108,107
,,91,90,91,92,92,91,91,93,92,92,93,93,94,95,95,95,94,94,92,91,91,90,90
cargo,cargo,,,,,,,,,,,,,,,,,,,,,,,
cargo,cargo,79,80,81,81,77,77,77,75,74,75,74,74,76,76,77,78,78,78,78,78,79,79,79
,,83,80,83,81,78,80,84,79,83,81,84,82,81,85,89,87,86,84,83,84,84,87,84
cargo,cargo,,,,,,,,,,,,,,,,,,,,,,,
cargo,cargo,,83,80,77,78,80,80,78,83,80,85,91,91,80,82,88,86,81,80,80,81,83,79
,,81,79,82,81,80,81,81,83,83,82,84,85,82,86,85,86,83,87,83,82,82,82,82
cargo,cargo,,,,,,,,,,,,,,,,,,,,,,,
cargo,cargo,77,77,78,77,76,78,77,76,75,74,75,74,73,76,76,76,76,78,78,78,78,78,77
,,85,86,87,86,91,86,85,88,88,88,89,85,91,91,90,88,86,86,88,91,84,86,88
cargo,cargo,,,,,,,,,,,,,,,,,,,,,,,
cargo,cargo,80,79,83,81,80,80,81,82,81,84,86,84,85,87,84,82,81,81,82,82,81,82,82
,,86,87,88,84,85,84,88,86,84,86,86,87,87,87,87,87,87,87,86,86,85,86,86
cargo,cargo,,,,,,,,,,,,,,,,,,,,,,,
cargo,cargo,83,82,82,82,82,83,84,84,84,84,84,84,84,84,84,84,83,83,83,83,83,83,83
,,81,81,81,81,81,82,82,83,82,82,82,82,83,83,83,82,82,82,82,82,81,82,82
cargo,cargo,,,,,,,,,,,,,,,,,,,,,,,
,,79,78,79,78,79,78,80,79,81,80,80,80,82,82,83,82,83,82,82,82,81,82,80
,,80,81,79,78,80,81,79,81,80,79,81,80,79,79,80,80,80,79,79,79,79,80,80
,,,,,,,,,,,,,,,,,,,,,,,,
cargo,cargo,80,80,82,83,82,83,81,85,81,86,92,93,93,91,90,84,81,81,83,82,83,84,82
,,-,-,-,-,-,-,-,-,-,-,-,-,-,-,-,-,-,-,-,-,-,-,-
car,car,,,,,,,,,,,,,,,,,,,,,,,
,92,91,94,95,94,92,94,94,95,97,97,96,98,99,99,100,98,97,96,96,94,93,92,92
cargo,89,83,85,88,87,88,93,92,91,93,91,94,93,93,93,88,86,85,87,86,87,87,85,85
,,,,,,,,,,,,,,,,,,,,,,,,
car,93,92,91,90,87,90,92,93,92,91,92,92,91,94,95,95,94,95,94,94,95,93,94,95
<null>,<null>,,,,,,,,,,,,,,,,,,,,,,,
"","00-
01","01-
02","02-
03","03-
04","04-
05","05-
06","06-
07","07-
08","08-
09","09-
10","10-
11","11-
12","12-
13","13-
14","14-
15","15-
16","16-
17","17-
18","18-
19","19-
20","20-
21","21-
22","22-
23","23-
00"
car,82,82,81,82,83,85,88,88,89,88,89,88,88,88,88,88,88,88,88,87,86,84,83,83
cargo,72,72,73,73,76,75,78,80,80,79,80,80,82,80,81,81,81,80,79,77,75,74,73,73
,,,,,,,,,,,,,,,,,,,,,,,,
cargo,70,68,70,67,67,69,70,66,68,67,67,67,68,67,68,68,69,70,68,68,68,68,69,69
cargo,80,73,76,75,80,75,77,78,77,74,71,77,76,75,78,76,77,79,75,75,77,79,72,79
,,,,,,,,,,,,,,,,,,,,,,,,
cargo,78,,80,62,71,66,90,53,107,67,92,68,63,81,65,77,89,91,74,61,69,81,66,60
cargo,71,72,72,70,75,70,69,70,70,69,69,70,69,68,69,71,70,69,72,70,69,72,71,75
,,,,,,,,,,,,,,,,,,,,,,,,
cargo,71,71,68,74,70,69,66,63,68,67,66,64,63,65,66,65,64,64,66,65,65,68,70,70
cargo,74,74,76,77,77,74,81,80,82,81,78,80,80,82,79,80,81,79,80,81,74,75,76,74
,,,,,,,,,,,,,,,,,,,,,,,,
cargo,73,74,74,70,70,74,76,73,76,77,75,75,76,78,77,76,74,76,74,74,72,72,73,74
cargo,75,76,78,71,74,70,71,71,72,69,71,74,77,75,74,74,70,77,79,71,74,72,73,74
,,,,,,,,,,,,,,,,,,,,,,,,
cargo,73,71,71,73,72,74,75,76,76,76,76,76,77,77,76,76,75,75,75,75,73,73,73,73
cargo,71,71,71,71,71,72,73,74,74,73,73,72,74,74,74,74,74,74,73,73,72,71,72,72
,,,,,,,,,,,,,,,,,,,,,,,,
cargo,71,71,73,73,69,69,70,70,72,73,72,71,72,73,72,72,68,70,72,72,75,73,71,67
cargo,68,69,70,73,70,70,74,72,71,70,71,72,71,71,72,69,71,72,71,68,65,69,68,68
,,,,,,,,,,,,,,,,,,,,,,,,
cargo,77,72,75,75,75,71,77,80,80,81,83,83,80,80,84,82,84,82,82,75,77,74,76,77
,-,-,-,-,-,-,-,-,-,-,-,-,-,-,-,-,-,-,-,-,-,-,-,-
,,,,,,,,,,,,,,,,,,,,,,,,
,79,80,76,77,76,75,78,78,76,79,80,79,81,83,83,82,82,83,78,77,76,81,80,77
cargo,76,70,74,73,74,75,78,80,82,82,82,84,82,81,84,83,84,83,84,77,77,74,75,77
,,,,,,,,,,,,,,,,,,,,,,,,
car,76,72,79,80,81,80,81,85,83,83,82,82,84,83,83,84,83,85,84,82,82,78,79,81
<null>,<null>,,,,,,,,,,,,,,,,,,,,,,,
,"00-
01","01-
02","02-
03","03-
04","04-
05","05-
06","06-
07","07-
08","08-
09","09-
10","10-
11","11-
12","12-
13","13-
14","14-
15","15-
16","16-
17","17-
18","18-
19","19-
20","20-
21","21-
22","22-
23","23-
00"
car,93,92,91,91,92,95,97,99,99,98,98,99,100,100,101,101,100,100,100,100,98,96,96,94
cargo,81,81,82,83,82,84,85,86,86,86,86,85,86,87,88,88,88,87,87,86,85,83,83,83
,,,,,,,,,,,,,,,,,,,,,,,,
cargo,72,73,74,75,75,75,73,72,73,72,71,72,72,74,74,75,76,76,76,77,75,75,74,73
cargo,91,92,94,90,95,100,99,95,97,97,94,93,94,91,90,91,92,93,92,90,91,88,92,92
,,,,,,,,,,,,,,,,,,,,,,,,
cargo,75,,81,86,74,85,83,85,90,70,87,89,90,98,86,95,112,92,101,75,-,77,80,80
cargo,82,84,86,85,85,84,89,91,91,87,85,91,93,89,94,94,93,92,87,84,86,81,81,81
,,,,,,,,,,,,,,,,,,,,,,,,
cargo,69,71,71,74,74,72,70,68,64,67,68,67,68,67,70,71,71,71,68,70,69,68,70,68
cargo,77,71,76,78,82,79,78,83,83,81,81,82,84,82,82,80,80,79,81,82,78,76,78,76
,,,,,,,,,,,,,,,,,,,,,,,,
cargo,81,85,75,80,76,77,84,84,79,83,78,81,79,79,80,83,77,80,81,80,81,77,76,76
cargo,90,91,90,94,103,103,97,104,109,103,105,105,110,100,105,102,97,108,102,98,98,92,92,89
,,,,,,,,,,,,,,,,,,,,,,,,
cargo,77,77,77,78,77,78,79,80,80,81,81,81,81,81,81,81,81,80,80,79,79,78,78,78
cargo,75,75,75,75,75,76,77,79,79,79,79,79,79,79,79,79,78,77,77,77,76,75,75,75
,,,,,,,,,,,,,,,,,,,,,,,,
cargo,74,75,75,75,75,74,74,75,76,75,76,77,77,78,78,78,79,78,78,78,77,76,76,76
cargo,72,70,72,71,71,73,72,76,78,77,76,76,78,77,77,77,75,75,74,73,72,72,71,71
,,,,,,,,,,,,,,,,,,,,,,,,
cargo,102,93,97,93,96,103,104,105,112,103,95,96,100,103,97,100,100,98,98,99,95,98,98,101
,-,-,-,-,-,-,-,-,-,-,-,-,-,-,-,-,-,-,-,-,-,-,-,-
,,,,,,,,,,,,,,,,,,,,,,,,
,80,82,81,82,85,84,86,83,81,85,85,84,85,83,86,87,87,86,87,86,86,84,82,81
cargo,114,114,111,109,109,113,109,113,118,110,110,112,113,116,115,115,113,114,108,109,111,111,112,113
,,,,,,,,,,,,,,,,,,,,,,,,
car,84,85,86,90,89,91,95,97,96,93,93,93,93,93,93,93,93,94,92,93,92,89,89,87
<null>,<null>,,,,,,,,,,,,,,,,,,,,,,,
,"00-
01","01-
02","02-
03","03-
04","04-
05","05-
06","06-
07","07-
08","08-
09","09-
10","10-
11","11-
12","12-
13","13-
14","14-
15","15-
16","16-
17","17-
18","18-
19","19-
20","20-
21","21-
22","22-
23","23-
00"
car,72,72,72,71,72,73,74,75,75,75,75,75,75,75,75,75,75,73,74,74,74,73,72,72
cargo,67,67,68,68,68,69,70,71,71,72,71,71,71,71,71,71,70,69,69,69,68,67,66,67
,,,,,,,,,,,,,,,,,,,,,,,,
cargo,54,54,56,55,58,60,59,59,58,58,58,57,57,58,57,56,55,55,55,53,53,53,52,53
cargo,58,56,55,57,60,63,64,64,67,63,64,62,63,64,65,63,62,61,61,60,60,54,52,53
,,,,,,,,,,,,,,,,,,,,,,,,
cargo,54,,53,48,59,67,55,53,51,49,45,45,53,46,45,42,47,45,37,44,38,45,32,44
cargo,59,62,58,59,56,62,69,72,76,73,76,75,74,74,75,73,74,73,73,70,66,64,62,58
,,,,,,,,,,,,,,,,,,,,,,,,
cargo,54,55,54,54,57,59,62,65,61,60,59,58,56,56,55,54,55,54,52,53,54,52,54,53
cargo,55,62,59,62,65,66,59,58,61,61,58,56,59,57,56,56,58,60,54,57,53,53,60,53
,,,,,,,,,,,,,,,,,,,,,,,,
cargo,51,50,51,49,49,51,54,49,51,47,52,52,52,51,54,51,51,50,47,47,51,52,49,49
cargo,60,59,63,65,66,66,63,71,69,68,67,66,69,69,68,67,66,65,65,64,63,60,61,62
,,,,,,,,,,,,,,,,,,,,,,,,
cargo,63,64,64,63,65,66,67,69,69,68,68,68,68,69,68,68,67,65,65,65,64,62,63,63
cargo,59,60,60,60,59,61,62,65,66,65,64,65,64,64,63,63,61,60,60,59,59,59,59,59
,,,,,,,,,,,,,,,,,,,,,,,,
cargo,57,60,61,60,61,65,64,66,66,64,64,65,63,61,61,60,61,60,60,59,58,58,57,58
cargo,54,54,56,55,55,57,58,62,63,60,62,61,59,60,60,59,57,57,55,54,54,53,54,54
,,,,,,,,,,,,,,,,,,,,,,,,
cargo,52,54,66,59,52,54,48,54,56,60,53,58,60,58,57,53,53,55,51,54,52,53,46,50
,-,-,-,-,-,-,-,-,-,-,-,-,-,-,-,-,-,-,-,-,-,-,-,-
,,,,,,,,,,,,,,,,,,,,,,,,
,65,66,65,70,67,67,71,63,76,74,80,82,80,80,83,82,81,75,73,62,63,65,64,63
cargo,58,53,60,57,56,64,59,63,61,63,57,65,62,63,65,61,62,59,61,57,59,57,56,58
,,,,,,,,,,,,,,,,,,,,,,,,
car,65,65,65,66,68,70,69,71,71,71,70,70,71,71,72,72,70,70,70,70,69,68,67,66
<null>,<null>,,,,,,,,,,,,,,,,,,,,,,,
,"00-
01","01-
02","02-
03","03-
04","04-
05","05-
06","06-
07","07-
08","08-
09","09-
10","10-
11","11-
12","12-
13","13-
14","14-
15","15-
16","16-
17","17-
18","18-
19","19-
20","20-
21","21-
22","22-
23","23-
00"
car,96,95,94,94,94,96,97,99,99,98,99,99,99,100,101,101,101,101,101,101,100,98,98,98
cargo,72,71,71,72,73,73,75,76,77,76,75,76,75,76,77,77,77,78,77,76,75,73,72,72
,,,,,,,,,,,,,,,,,,,,,,,,
cargo,69,72,69,72,69,71,69,68,66,63,67,66,66,66,67,67,65,65,68,70,69,70,67,67
cargo,73,75,72,64,70,70,78,74,72,80,74,76,76,75,75,75,74,73,74,75,74,73,73,72
,,,,,,,,,,,,,,,,,,,,,,,,
cargo,91,,-,-,-,-,-,-,-,64,73,-,85,78,80,87,73,70,91,91,-,77,-,-
cargo,72,73,73,74,75,74,75,74,75,75,75,74,74,74,74,75,74,73,74,74,76,73,74,74
,,,,,,,,,,,,,,,,,,,,,,,,
cargo,73,72,71,73,70,71,70,69,70,70,71,73,70,70,71,73,69,68,69,70,71,72,73,73
cargo,75,76,74,78,74,76,76,75,75,76,75,75,75,76,75,78,74,74,74,76,75,74,75,77
,,,,,,,,,,,,,,,,,,,,,,,,
cargo,73,70,73,75,66,70,68,65,70,72,72,70,72,70,73,72,68,67,67,71,71,69,72,75
cargo,75,75,74,72,77,80,81,79,80,73,80,78,77,79,78,77,77,78,77,75,76,74,80,78
,,,,,,,,,,,,,,,,,,,,,,,,
cargo,78,77,77,77,77,78,78,80,80,81,80,80,80,80,81,80,80,79,78,79,78,79,78,78
cargo,75,75,74,74,75,76,77,76,77,77,78,77,77,77,78,78,76,75,75,75,75,74,74,75
,,,,,,,,,,,,,,,,,,,,,,,,
cargo,64,76,71,69,72,75,69,62,69,70,68,71,69,70,72,69,66,68,67,67,70,71,72,72
cargo,71,71,69,68,75,70,73,69,57,65,72,67,68,72,74,72,69,70,71,72,71,71,70,73
,,,,,,,,,,,,,,,,,,,,,,,,
cargo,73,72,77,71,79,75,73,73,75,78,77,78,78,79,76,77,77,76,71,75,78,70,74,73
,-,-,-,-,-,-,-,-,-,40,-,-,-,-,44,46,-,-,-,-,-,-,-,-
,,,,,,,,,,,,,,,,,,,,,,,,
,87,86,89,84,87,89,86,85,90,89,87,91,87,86,90,87,86,86,87,90,91,90,90,89
cargo,73,75,75,74,76,89,87,85,85,87,87,93,91,91,92,94,98,96,93,92,87,82,78,77
,,,,,,,,,,,,,,,,,,,,,,,,
car,-,74,86,-,66,78,87,89,84,92,89,84,84,79,83,79,88,80,83,75,72,85,78,94
<null>,<null>,,,,,,,,,,,,,,,,,,,,,,,
,"00-
01","01-
02","02-
03","03-
04","04-
05","05-
06","06-
07","07-
08","08-
09","09-
10","10-
11","11-
12","12-
13","13-
14","14-
15","15-
16","16-
17","17-
18","18-
19","19-
20","20-
21","21-
22","22-
23","23-
00"
car,71,71,70,68,68,68,70,68,67,67,67,68,68,69,68,69,68,68,68,68,68,69,70,70
cargo,65,64,62,62,63,64,65,64,64,63,64,63,64,64,64,63,63,63,63,63,62,62,62,62
,,,,,,,,,,,,,,,,,,,,,,,,
cargo,60,61,60,59,58,59,60,59,57,58,57,57,58,57,57,57,58,57,58,58,58,58,59,60
cargo,54,51,51,54,59,59,62,62,61,61,60,62,61,62,61,61,61,61,58,63,58,58,58,55
,,,,,,,,,,,,,,,,,,,,,,,,
cargo,-,,50,-,-,-,-,46,-,-,48,-,-,-,-,-,-,-,-,-,-,-,-,-
cargo,61,62,60,61,62,63,63,63,61,60,61,62,61,62,61,62,61,61,60,60,60,61,61,63
,,,,,,,,,,,,,,,,,,,,,,,,
cargo,62,62,62,60,63,62,59,59,57,57,57,58,59,57,56,57,56,56,57,58,56,57,61,63
cargo,62,64,64,67,65,62,63,62,62,62,64,63,63,63,60,62,65,64,61,63,60,61,59,61
,,,,,,,,,,,,,,,,,,,,,,,,
cargo,60,55,60,55,60,61,58,59,59,58,61,59,60,60,61,62,60,58,59,59,56,58,60,59
cargo,44,58,60,54,61,70,67,64,57,71,62,68,62,63,60,66,65,63,62,63,61,70,56,60
,,,,,,,,,,,,,,,,,,,,,,,,
cargo,63,62,62,65,62,63,63,63,63,62,66,64,64,64,63,64,63,62,62,62,63,62,63,63
cargo,63,63,62,63,63,64,64,64,63,63,62,63,64,64,63,64,63,62,62,62,62,62,62,63
,,,,,,,,,,,,,,,,,,,,,,,,
cargo,56,53,57,60,60,62,56,60,58,59,58,57,56,59,57,56,57,55,57,59,59,57,58,59
cargo,63,59,61,60,60,64,63,60,59,59,58,60,61,62,61,60,62,60,60,59,57,60,60,59
,,,,,,,,,,,,,,,,,,,,,,,,
cargo,59,59,60,63,51,58,66,62,62,58,59,58,61,58,61,65,61,60,61,59,57,61,60,58
,-,-,-,-,-,-,43,36,34,38,40,39,37,46,41,46,-,-,45,-,-,-,-,-
,,,,,,,,,,,,,,,,,,,,,,,,
,63,67,65,63,64,65,63,63,63,61,63,61,62,65,64,63,63,63,64,63,65,63,64,64
cargo,64,64,59,61,63,61,55,56,56,62,59,64,65,64,64,68,65,65,69,67,75,70,68,65
,,,,,,,,,,,,,,,,,,,,,,,,
car,68,50,58,95,-,75,76,70,72,65,68,67,63,69,62,65,65,65,66,58,75,68,55,-
<null>,<null>,,,,,,,,,,,,,,,,,,,,,,,
,"00-
01","01-
02","02-
03","03-
04","04-
05","05-
06","06-
07","07-
08","08-
09","09-
10","10-
11","11-
12","12-
13","13-
14","14-
15","15-
16","16-
17","17-
18","18-
19","19-
20","20-
21","21-
22","22-
23","23-
00"
car,58,58,57,57,57,58,61,62,61,61,61,61,61,61,60,61,61,61,60,59,58,58,58,57
cargo,51,53,54,54,54,55,55,56,56,55,55,54,55,55,55,55,54,54,54,53,52,50,51,52
,,,,,,,,,,,,,,,,,,,,,,,,
cargo,48,48,48,47,51,52,51,50,51,49,49,49,50,50,50,50,50,50,51,49,49,48,47,47
cargo,53,63,51,45,56,54,51,52,54,54,54,54,54,53,54,54,53,53,55,55,54,54,52,51
,,,,,,,,,,,,,,,,,,,,,,,,
cargo,-,,72,-,55,-,-,38,-,21,86,-,51,59,44,50,52,44,53,56,-,-,44,59
cargo,51,52,53,53,53,55,55,56,56,54,54,54,54,54,54,54,53,53,53,52,52,51,52,51
,,,,,,,,,,,,,,,,,,,,,,,,
cargo,43,43,44,45,49,48,50,49,49,49,49,48,48,47,47,46,45,44,44,43,42,42,42,42
cargo,48,48,50,50,50,54,56,55,54,55,54,52,53,52,51,50,50,50,49,48,47,47,47,48
,,,,,,,,,,,,,,,,,,,,,,,,
cargo,44,44,45,48,48,49,50,50,50,50,48,50,50,49,48,47,47,47,45,44,44,43,43,45
cargo,51,49,52,51,50,53,57,54,55,55,53,53,53,53,54,53,53,52,52,48,49,50,50,50
,,,,,,,,,,,,,,,,,,,,,,,,
cargo,51,51,53,53,53,54,55,56,56,55,55,55,55,55,55,55,54,53,53,53,51,51,51,52
cargo,46,46,47,48,48,51,52,52,52,51,51,51,51,51,50,49,49,48,47,46,46,45,46,46
,,,,,,,,,,,,,,,,,,,,,,,,
cargo,45,46,43,38,49,57,56,52,53,49,49,49,50,48,48,47,48,55,50,46,54,54,43,46
cargo,44,45,44,45,46,47,48,49,49,49,48,49,48,48,47,47,46,46,46,44,43,43,44,44
,,,,,,,,,,,,,,,,,,,,,,,,
cargo,47,44,44,68,44,43,64,41,44,47,51,57,55,48,46,60,51,46,59,45,42,54,41,43
,-,-,-,-,-,-,-,-,-,-,-,-,-,-,-,-,-,-,-,-,-,-,-,-
,,,,,,,,,,,,,,,,,,,,,,,,
,53,54,54,54,54,55,55,57,59,59,59,59,60,61,60,62,62,62,62,60,59,54,53,52
cargo,62,61,59,66,65,60,63,65,67,63,63,66,64,66,65,65,66,66,66,65,65,61,59,59
,,,,,,,,,,,,,,,,,,,,,,,,
car,62,67,58,81,69,65,66,67,69,68,65,71,67,64,69,67,69,78,77,77,64,76,61,66
<null>,<null>,,,,,,,,,,,,,,,,,,,,,,,
,"00-
01","01-
02","02-
03","03-
04","04-
05","05-
06","06-
07","07-
08","08-
09","09-
10","10-
11","11-
12","12-
13","13-
14","14-
15","15-
16","16-
17","17-
18","18-
19","19-
20","20-
21","21-
22","22-
23","23-
00"
car,61,62,63,62,59,59,62,63,65,64,64,65,65,65,65,65,65,65,62,63,64,65,65,64
cargo,53,54,54,54,54,58,61,63,63,65,66,66,62,64,64,64,56,56,56,56,55,55,54,54
,,,,,,,,,,,,,,,,,,,,,,,,
cargo,51,49,49,51,51,52,51,53,63,62,54,56,63,51,56,58,52,51,51,51,53,49,51,53
cargo,49,49,53,52,51,49,186,66,73,53,54,95,66,56,59,56,56,55,54,52,51,53,53,51
,,,,,,,,,,,,,,,,,,,,,,,,
cargo,-,,-,-,-,-,-,-,61,45,46,41,-,32,54,59,53,60,58,69,62,42,-,81
cargo,51,53,51,52,51,52,52,54,54,54,53,53,65,58,56,53,52,52,52,51,51,50,51,52
,,,,,,,,,,,,,,,,,,,,,,,,
cargo,48,49,48,47,49,49,50,62,51,68,54,56,66,69,64,66,49,49,49,48,47,47,47,47
cargo,50,50,50,51,51,52,53,53,55,55,66,52,52,65,51,52,51,50,50,51,49,49,49,49
,,,,,,,,,,,,,,,,,,,,,,,,
cargo,48,48,47,46,49,48,50,50,50,51,51,68,65,50,51,50,49,50,49,49,48,47,47,46
cargo,50,51,49,47,54,51,52,67,55,66,65,65,53,54,53,53,54,52,51,51,49,53,50,49
,,,,,,,,,,,,,,,,,,,,,,,,
cargo,52,52,54,53,54,53,54,69,61,62,60,62,63,61,65,57,53,52,51,52,52,52,52,52
cargo,49,49,49,49,50,54,60,59,64,60,59,58,60,61,60,58,51,50,50,49,49,49,49,49
,,,,,,,,,,,,,,,,,,,,,,,,
cargo,47,-,-,59,48,-,-,57,53,51,49,60,51,47,59,56,50,49,54,51,-,59,45,52
cargo,49,50,48,48,49,48,137,62,89,83,51,50,50,51,51,51,51,49,49,51,48,47,49,47
,,,,,,,,,,,,,,,,,,,,,,,,
cargo,50,55,49,49,41,46,39,49,48,48,51,52,52,53,79,55,70,51,47,49,47,48,48,47
,-,-,-,-,-,-,-,-,-,-,-,-,-,-,-,-,-,-,-,-,-,-,-,-
,,,,,,,,,,,,,,,,,,,,,,,,
,49,51,50,54,52,59,55,67,74,62,76,87,83,72,65,74,66,63,61,54,54,52,52,50
cargo,58,50,51,55,56,57,65,58,60,60,61,65,66,67,65,62,59,57,57,54,55,52,53,53
,,,,,,,,,,,,,,,,,,,,,,,,
car,53,54,53,59,49,62,60,65,64,69,58,62,65,66,62,65,68,57,67,52,63,62,80,62
<null>,<null>,,,,,,,,,,,,,,,,,,,,,,,
,"00-
01","01-
02","02-
03","03-
04","04-
05","05-
06","06-
07","07-
08","08-
09","09-
10","10-
11","11-
12","12-
13","13-
14","14-
15","15-
16","16-
17","17-
18","18-
19","19-
20","20-
21","21-
22","22-
23","23-
00"
car,66,66,68,67,68,70,71,72,71,71,70,70,70,71,72,72,71,70,70,69,67,67,66,65
cargo,62,64,66,66,63,61,62,62,62,62,62,63,63,63,64,64,63,60,62,63,62,60,58,60
,,,,,,,,,,,,,,,,,,,,,,,,
cargo,54,52,53,53,58,58,58,60,57,54,60,58,59,57,58,60,57,57,57,56,55,53,55,51
cargo,61,60,61,59,62,61,65,64,60,58,60,60,61,60,60,60,60,60,62,62,62,64,60,53
,,,,,,,,,,,,,,,,,,,,,,,,
cargo,-,,-,-,-,-,-,-,-,-,-,-,-,-,-,-,-,-,-,-,-,-,-,-
cargo,65,62,58,67,71,63,64,63,58,61,60,65,59,62,57,63,57,63,60,60,62,62,59,61
,,,,,,,,,,,,,,,,,,,,,,,,
cargo,55,53,49,51,53,54,53,53,56,54,55,54,58,56,57,56,55,56,55,55,54,56,53,50
cargo,57,60,64,73,73,62,59,63,61,64,61,63,64,59,61,62,61,57,61,59,60,71,60,60
,,,,,,,,,,,,,,,,,,,,,,,,
cargo,52,52,45,44,62,53,54,63,57,55,56,55,59,57,61,57,56,56,52,51,54,51,48,47
cargo,49,-,49,-,56,72,72,69,58,57,70,68,65,57,51,67,69,63,68,64,72,61,-,57
,,,,,,,,,,,,,,,,,,,,,,,,
cargo,59,57,55,62,60,58,61,64,65,65,63,63,64,63,63,63,62,63,62,62,59,59,58,60
cargo,54,56,54,55,55,58,60,62,61,60,61,61,59,62,62,60,60,59,59,58,57,57,56,55
,,,,,,,,,,,,,,,,,,,,,,,,
cargo,60,66,59,43,52,52,56,59,54,54,58,59,59,55,54,57,50,54,60,60,54,50,57,69
cargo,53,52,53,56,56,52,57,59,55,59,58,56,61,60,63,60,61,56,57,62,50,50,51,55
,,,,,,,,,,,,,,,,,,,,,,,,
cargo,58,57,48,52,46,44,58,70,59,49,54,58,65,56,57,56,55,54,53,53,56,52,44,52
,-,-,-,-,-,-,31,29,30,31,31,33,33,31,32,-,-,-,-,-,27,-,-,-
,,,,,,,,,,,,,,,,,,,,,,,,
,64,62,63,67,64,62,57,61,63,58,61,61,66,69,65,66,67,62,56,61,57,63,61,62
cargo,62,55,72,59,62,63,61,60,57,59,61,61,62,62,63,62,60,62,65,61,62,58,62,57
,,,,,,,,,,,,,,,,,,,,,,,,
car,-,-,-,-,-,76,68,-,73,65,64,69,66,59,56,66,54,80,70,71,65,60,51,38
<null>,<null>,,,,,,,,,,,,,,,,,,,,,,,
,"00-
01","01-
02","02-
03","03-
04","04-
05","05-
06","06-
07","07-
08","08-
09","09-
10","10-
11","11-
12","12-
13","13-
14","14-
15","15-
16","16-
17","17-
18","18-
19","19-
20","20-
21","21-
22","22-
23","23-
00"
car,87,87,85,84,86,88,88,89,90,91,90,92,93,93,94,94,92,91,91,92,91,89,89,88
cargo,69,68,69,70,70,71,72,73,72,72,72,72,72,72,73,73,72,71,71,71,70,70,70,69
,,,,,,,,,,,,,,,,,,,,,,,,
cargo,68,67,67,67,67,69,69,69,67,65,67,67,66,66,67,67,67,66,67,67,68,67,67,68
cargo,68,69,67,70,70,69,71,77,74,72,73,74,73,73,72,72,70,71,70,70,69,67,68,68
,,,,,,,,,,,,,,,,,,,,,,,,
cargo,-,,-,-,78,79,-,-,61,58,73,-,69,72,73,63,71,72,74,62,54,72,-,-
cargo,72,70,72,70,70,72,71,73,73,73,72,72,72,73,72,72,72,70,71,72,70,71,71,69
,,,,,,,,,,,,,,,,,,,,,,,,
cargo,71,70,70,68,68,70,68,68,66,68,67,67,68,67,69,68,67,67,68,68,69,69,69,70
cargo,72,71,74,72,72,73,73,74,73,73,74,73,73,74,73,73,72,71,70,72,72,72,72,70
,,,,,,,,,,,,,,,,,,,,,,,,
cargo,69,70,68,71,69,68,68,70,71,70,69,69,69,71,70,71,68,69,68,68,68,70,68,69
cargo,71,74,73,67,72,76,80,78,71,73,76,77,76,76,76,76,74,74,68,72,73,71,71,75
,,,,,,,,,,,,,,,,,,,,,,,,
cargo,72,72,72,72,73,75,74,75,75,75,75,76,76,76,76,76,75,74,73,74,73,73,72,73
cargo,70,70,69,69,70,72,73,72,72,72,72,73,73,73,73,73,72,71,71,71,71,71,70,70
,,,,,,,,,,,,,,,,,,,,,,,,
cargo,66,64,68,62,68,65,67,65,65,63,66,66,65,68,67,64,61,64,65,64,68,71,67,62
cargo,66,64,65,63,66,66,68,67,67,67,66,68,67,68,68,69,68,68,67,67,68,69,68,68
,,,,,,,,,,,,,,,,,,,,,,,,
cargo,67,67,66,63,66,68,78,70,72,64,69,71,69,68,70,66,69,67,66,72,71,71,68,70
,-,-,-,-,-,-,-,-,-,-,-,-,-,-,-,-,-,-,-,-,-,-,-,-
,,,,,,,,,,,,,,,,,,,,,,,,
,83,81,81,84,75,78,77,74,79,75,75,74,74,74,78,77,79,74,74,74,79,75,81,81
cargo,74,74,71,71,70,75,75,85,89,92,86,85,85,91,90,95,90,92,88,88,89,82,79,78
,,,,,,,,,,,,,,,,,,,,,,,,
car,105,73,72,-,90,84,82,82,92,83,93,71,81,81,83,81,92,79,71,92,72,91,74,66
<null>,<null>,,,,,,,,,,,,,,,,,,,,,,,
,"00-
01","01-
02","02-
03","03-
04","04-
05","05-
06","06-
07","07-
08","08-
09","09-
10","10-
11","11-
12","12-
13","13-
14","14-
15","15-
16","16-
17","17-
18","18-
19","19-
20","20-
21","21-
22","22-
23","23-
00"
car,87,86,87,87,87,87,85,86,87,87,86,87,87,87,87,87,86,85,87,86,87,86,86,87
cargo,80,81,79,78,82,81,79,80,80,79,80,80,81,82,81,81,80,79,80,80,81,80,82,81
,,,,,,,,,,,,,,,,,,,,,,,,
cargo,75,73,68,70,72,77,72,74,72,71,70,72,71,70,71,70,70,72,72,75,74,75,73,75
cargo,71,-,-,-,-,82,71,74,73,70,70,74,74,77,74,73,74,73,73,73,77,73,71,-
,,,,,,,,,,,,,,,,,,,,,,,,
cargo,-,,-,-,-,-,52,-,-,-,-,-,-,-,-,-,-,-,-,-,-,-,39,-
cargo,82,82,86,77,73,75,68,72,72,69,72,70,73,72,75,75,73,74,72,74,79,78,84,86
,,,,,,,,,,,,,,,,,,,,,,,,
cargo,71,75,74,73,61,71,71,70,71,70,67,69,71,71,71,73,72,69,71,71,71,71,74,74
cargo,-,-,-,-,-,-,-,-,-,-,-,-,-,-,-,-,-,-,-,-,62,-,-,-
,,,,,,,,,,,,,,,,,,,,,,,,
cargo,65,73,80,68,48,-,72,53,66,62,64,62,60,65,68,68,69,67,70,70,72,67,72,-
cargo,73,70,61,66,70,85,81,79,79,74,73,76,78,78,77,81,77,74,71,73,75,78,71,73
,,,,,,,,,,,,,,,,,,,,,,,,
cargo,79,79,77,78,78,77,77,77,78,79,78,79,79,78,78,78,77,75,78,77,77,78,78,78
cargo,73,73,73,73,73,74,73,73,75,76,76,76,77,77,77,77,75,74,74,74,74,74,74,74
,,,,,,,,,,,,,,,,,,,,,,,,
cargo,71,77,73,72,69,64,70,69,72,70,67,69,70,69,72,69,70,72,73,72,71,71,73,72
cargo,78,77,58,79,73,71,75,71,70,70,70,69,69,67,67,69,67,67,68,70,72,72,73,74
,,,,,,,,,,,,,,,,,,,,,,,,
cargo,-,-,-,-,-,-,-,-,-,-,-,-,-,-,-,-,-,-,-,-,-,-,-,-
,-,-,-,-,-,-,-,-,-,-,-,-,-,-,-,-,-,-,-,-,-,-,-,-
,,,,,,,,,,,,,,,,,,,,,,,,
,74,78,85,80,82,82,80,74,76,75,74,73,74,74,74,73,74,72,74,72,70,74,77,77
cargo,86,82,85,91,77,82,79,82,83,84,85,86,85,89,86,86,81,83,83,81,81,80,79,78
,,,,,,,,,,,,,,,,,,,,,,,,
car,82,79,77,85,84,87,86,80,77,80,80,80,82,81,83,83,82,82,78,80,83,81,84,81
<null>,<null>,,,,,,,,,,,,,,,,,,,,,,,
,"00-
01","01-
02","02-
03","03-
04","04-
05","05-
06","06-
07","07-
08","08-
09","09-
10","10-
11","11-
12","12-
13","13-
14","14-
15","15-
16","16-
17","17-
18","18-
19","19-
20","20-
21","21-
22","22-
23","23-
00"
car,77,77,76,77,78,81,83,83,83,83,82,82,82,82,83,82,82,81,81,81,80,79,77,77
cargo,70,70,69,69,71,73,73,72,73,73,73,73,72,73,73,73,73,72,72,71,71,70,70,70
,,,,,,,,,,,,,,,,,,,,,,,,
cargo,74,72,69,70,71,72,70,71,71,71,67,67,69,70,69,67,70,69,69,69,70,68,70,71
cargo,65,62,61,58,69,65,66,66,67,66,69,67,67,67,67,67,68,68,64,65,65,65,63,66
,,,,,,,,,,,,,,,,,,,,,,,,
cargo,-,,-,-,-,-,-,-,-,68,-,-,-,-,-,-,-,-,-,-,-,-,-,-
cargo,72,71,71,71,70,76,73,72,73,75,74,75,74,75,74,74,73,72,72,73,72,71,73,73
,,,,,,,,,,,,,,,,,,,,,,,,
cargo,70,70,70,70,71,73,74,75,75,74,74,74,74,74,74,74,74,74,73,73,72,70,70,70
cargo,71,68,70,72,74,73,73,71,69,73,73,71,73,73,73,73,73,72,72,71,71,71,69,72
,,,,,,,,,,,,,,,,,,,,,,,,
cargo,71,70,70,72,69,71,71,70,72,72,70,68,69,68,66,69,70,71,70,71,69,68,67,70
cargo,74,75,76,76,76,76,78,78,78,78,77,76,77,77,78,77,77,77,77,75,77,74,73,74
,,,,,,,,,,,,,,,,,,,,,,,,
cargo,72,72,73,72,72,72,73,74,75,76,74,75,75,75,75,75,74,73,72,72,72,72,72,73
cargo,70,70,70,69,71,72,73,74,74,74,74,74,74,74,74,74,73,71,71,71,70,70,70,70
,,,,,,,,,,,,,,,,,,,,,,,,
cargo,71,70,69,70,72,71,69,71,69,73,71,70,71,70,71,71,70,68,71,69,70,71,70,72
cargo,67,67,67,68,66,71,68,70,71,72,72,72,72,71,72,71,69,69,69,68,68,68,66,68
,,,,,,,,,,,,,,,,,,,,,,,,
cargo,68,75,69,65,62,66,69,70,69,68,68,66,70,71,67,69,71,69,70,74,68,67,61,71
,-,-,-,-,-,-,-,-,-,-,-,-,-,-,-,-,-,-,-,-,-,-,-,-
,,,,,,,,,,,,,,,,,,,,,,,,
,80,79,79,80,82,80,82,81,82,83,79,82,81,81,81,81,80,79,78,80,77,76,76,78
cargo,79,79,77,77,80,84,86,85,84,84,83,83,83,83,84,84,84,85,85,85,84,81,79,79
,,,,,,,,,,,,,,,,,,,,,,,,
car,75,80,77,75,81,82,84,81,78,79,75,75,78,77,76,80,80,79,81,77,82,80,78,75
<null>,<null>,,,,,,,,,,,,,,,,,,,,,,,
,"00-
01","01-
02","02-
03","03-
04","04-
05","05-
06","06-
07","07-
08","08-
09","09-
10","10-
11","11-
12","12-
13","13-
14","14-
15","15-
16","16-
17","17-
18","18-
19","19-
20","20-
21","21-
22","22-
23","23-
00"
car,74,74,73,72,77,79,80,83,82,82,82,82,82,81,81,81,81,79,79,78,78,76,75,75
cargo,67,66,66,66,67,69,71,72,71,70,72,73,72,72,72,72,72,71,70,70,70,69,68,68
,,,,,,,,,,,,,,,,,,,,,,,,
cargo,63,63,65,65,64,63,66,62,63,64,65,65,64,65,63,64,64,61,64,63,63,62,63,63
cargo,60,61,56,59,63,57,59,63,63,61,63,63,64,63,66,64,65,64,61,60,60,59,58,59
,,,,,,,,,,,,,,,,,,,,,,,,
cargo,-,,-,-,-,-,-,-,-,-,-,-,-,-,-,-,-,-,-,-,-,-,-,72
cargo,71,72,69,70,71,72,70,70,74,72,76,74,76,73,75,75,73,71,70,71,70,71,70,71
,,,,,,,,,,,,,,,,,,,,,,,,
cargo,69,69,68,68,68,70,72,73,74,74,74,74,75,75,74,74,74,72,72,71,70,69,69,69
cargo,73,71,70,72,71,72,71,75,72,74,75,77,76,77,77,76,76,73,73,71,71,71,73,73
,,,,,,,,,,,,,,,,,,,,,,,,
cargo,67,67,65,67,65,67,69,69,73,70,71,72,71,72,73,73,71,69,71,70,68,67,68,68
cargo,72,70,68,70,70,72,71,74,75,75,76,76,76,75,75,76,77,76,75,75,74,72,71,71
,,,,,,,,,,,,,,,,,,,,,,,,
cargo,71,72,71,70,72,71,71,72,73,73,73,75,75,75,75,75,74,72,72,72,71,69,70,72
cargo,70,70,70,70,70,71,72,74,74,74,75,75,75,74,74,74,73,70,70,69,70,69,70,70
,,,,,,,,,,,,,,,,,,,,,,,,
cargo,66,66,61,64,59,58,67,58,67,57,69,66,66,66,67,59,67,67,66,64,62,62,64,66
cargo,69,67,67,67,68,70,72,70,73,74,72,71,74,72,72,73,70,70,70,68,71,67,68,67
,,,,,,,,,,,,,,,,,,,,,,,,
cargo,84,50,62,56,63,-,82,72,72,63,76,67,78,78,72,83,68,66,68,79,57,71,56,42
,-,-,-,-,-,-,-,-,-,-,-,-,-,-,-,-,-,-,-,-,-,-,-,-
,,,,,,,,,,,,,,,,,,,,,,,,
,71,72,74,72,75,77,85,74,66,78,82,77,84,76,75,79,81,78,74,73,74,71,76,73
cargo,74,73,74,74,80,83,84,84,85,84,84,84,84,84,84,85,85,85,84,84,82,78,77,75
,,,,,,,,,,,,,,,,,,,,,,,,
car,73,73,73,70,85,69,74,89,78,73,75,84,94,95,82,94,91,83,85,77,82,67,73,68
<null>,<null>,,,,,,,,,,,,,,,,,,,,,,,
,"00-
01","01-
02","02-
03","03-
04","04-
05","05-
06","06-
07","07-
08","08-
09","09-
10","10-
11","11-
12","12-
13","13-
14","14-
15","15-
16","16-
17","17-
18","18-
19","19-
20","20-
21","21-
22","22-
23","23-
00"
car,66,66,66,66,67,67,71,78,78,77,77,77,77,77,77,77,75,73,72,69,68,68,67,66
cargo,61,62,61,60,62,64,66,69,71,70,70,70,70,70,70,71,69,67,66,62,62,61,60,60
,,,,,,,,,,,,,,,,,,,,,,,,
cargo,52,54,51,53,49,53,57,59,56,56,56,57,57,57,57,57,57,54,55,51,53,52,51,52
cargo,52,54,57,53,54,60,61,62,61,61,64,63,63,61,60,62,61,59,60,59,60,60,57,56
,,,,,,,,,,,,,,,,,,,,,,,,
cargo,-,,-,-,-,-,-,-,-,-,-,-,-,-,-,-,-,-,-,45,-,-,-,42
cargo,56,55,57,57,57,56,60,60,61,60,60,60,60,60,61,60,58,56,55,55,54,53,56,55
,,,,,,,,,,,,,,,,,,,,,,,,
cargo,49,48,50,49,48,48,50,56,55,54,53,54,56,55,54,53,53,49,48,47,48,47,50,48
cargo,58,61,59,61,57,61,56,61,64,66,62,66,62,60,61,61,58,57,56,56,53,60,56,58
,,,,,,,,,,,,,,,,,,,,,,,,
cargo,50,52,55,52,54,52,55,62,62,62,60,58,57,59,60,60,59,55,53,52,53,52,53,52
cargo,62,53,42,57,58,48,51,72,58,61,61,52,76,63,72,65,67,63,59,65,44,43,65,57
,,,,,,,,,,,,,,,,,,,,,,,,
cargo,58,58,59,59,59,59,61,63,66,67,65,64,65,65,65,64,64,61,61,60,60,60,59,59
cargo,53,52,53,53,55,57,59,61,62,61,62,62,61,61,60,60,58,55,54,53,52,53,52,53
,,,,,,,,,,,,,,,,,,,,,,,,
cargo,53,57,53,55,53,53,52,62,60,56,57,56,61,60,57,57,57,50,52,51,52,56,53,50
cargo,47,47,49,48,48,51,52,57,56,56,55,58,58,60,57,58,57,52,51,50,49,47,49,47
,,,,,,,,,,,,,,,,,,,,,,,,
cargo,45,31,51,44,36,50,47,55,57,58,64,55,48,51,51,62,50,51,50,47,48,47,47,41
,-,-,-,-,-,-,-,-,-,-,-,-,-,-,-,-,-,-,-,-,-,-,-,-
,,,,,,,,,,,,,,,,,,,,,,,,
,61,60,55,60,58,60,65,71,65,71,72,72,70,76,74,78,74,73,69,62,62,59,58,62
cargo,56,56,59,59,57,59,60,60,63,64,62,63,62,63,62,63,63,59,57,57,56,55,55,56
,,,,,,,,,,,,,,,,,,,,,,,,
car,57,46,53,56,54,57,57,60,63,62,60,56,62,61,59,60,62,57,56,55,57,56,59,56
<null>,<null>,,,,,,,,,,,,,,,,,,,,,,,
,"00-
01","01-
02","02-
03","03-
04","04-
05","05-
06","06-
07","07-
08","08-
09","09-
10","10-
11","11-
12","12-
13","13-
14","14-
15","15-
16","16-
17","17-
18","18-
19","19-
20","20-
21","21-
22","22-
23","23-
00"
car,58,59,61,59,57,59,60,61,60,59,60,60,61,61,61,62,61,60,60,60,59,58,58,58
cargo,57,61,62,61,60,57,60,60,59,59,58,60,60,59,60,60,61,60,61,60,60,57,58,57
,,,,,,,,,,,,,,,,,,,,,,,,
cargo,51,51,54,46,50,50,49,55,51,52,53,52,51,50,51,51,49,53,50,52,52,52,51,52
cargo,50,52,47,-,34,58,46,44,43,47,47,50,51,47,42,43,52,46,44,55,50,49,35,-
,,,,,,,,,,,,,,,,,,,,,,,,
cargo,-,,-,-,-,-,-,-,-,-,-,-,-,-,-,-,-,-,-,-,-,-,-,-
cargo,-,-,-,-,-,51,-,59,56,51,52,49,56,54,58,55,62,54,51,50,53,44,-,-
,,,,,,,,,,,,,,,,,,,,,,,,
cargo,44,43,37,34,45,51,53,50,46,48,47,48,48,49,48,47,45,48,48,47,46,43,45,46
cargo,54,-,25,46,-,52,37,51,43,47,40,43,41,44,49,41,45,46,47,49,50,-,40,31
,,,,,,,,,,,,,,,,,,,,,,,,
cargo,46,48,40,47,49,46,48,53,49,51,49,52,53,51,53,54,50,50,55,52,53,47,39,48
cargo,44,43,27,37,43,50,59,49,50,55,53,53,52,51,57,53,56,56,53,51,46,40,43,41
,,,,,,,,,,,,,,,,,,,,,,,,
cargo,50,45,49,53,59,61,57,57,55,55,55,55,56,56,56,58,55,53,55,54,54,52,53,52
cargo,53,50,51,50,50,54,52,53,53,54,53,53,54,53,54,54,53,51,53,52,51,52,51,49
,,,,,,,,,,,,,,,,,,,,,,,,
cargo,54,43,-,42,-,49,53,55,55,54,57,48,53,51,53,51,54,55,56,55,52,35,-,36
cargo,45,47,49,44,49,46,54,53,52,52,57,51,48,49,46,53,48,51,50,49,46,48,42,39
,,,,,,,,,,,,,,,,,,,,,,,,
cargo,-,51,41,40,50,41,-,-,40,44,51,42,44,50,40,45,43,-,-,-,44,43,47,37
,-,-,-,-,35,-,-,46,-,-,-,-,-,-,-,-,-,-,-,-,-,-,-,38
,,,,,,,,,,,,,,,,,,,,,,,,
,46,32,-,-,57,50,49,55,54,58,57,62,56,56,51,58,53,59,64,56,55,55,62,62
cargo,54,57,56,55,55,58,58,60,57,57,57,58,58,58,59,59,60,60,60,60,58,55,55,55
,,,,,,,,,,,,,,,,,,,,,,,,
car,71,83,62,49,57,67,56,68,55,70,60,65,65,62,66,65,69,64,72,76,65,62,62,70
<null>,<null>,,,,,,,,,,,,,,,,,,,,,,,
,"00-
01","01-
02","02-
03","03-
04","04-
05","05-
06","06-
07","07-
08","08-
09","09-
10","10-
11","11-
12","12-
13","13-
14","14-
15","15-
16","16-
17","17-
18","18-
19","19-
20","20-
21","21-
22","22-
23","23-
00"
car,83,83,82,82,84,85,86,88,89,87,87,87,87,88,88,89,88,87,87,87,87,86,85,85
cargo,76,76,76,77,78,78,78,78,78,78,78,79,79,79,80,80,80,79,79,78,79,78,77,78
,,,,,,,,,,,,,,,,,,,,,,,,
cargo,71,73,71,71,73,73,71,71,71,69,69,70,69,72,71,71,72,71,72,71,73,73,70,71
cargo,73,71,72,72,71,68,68,70,69,67,66,70,68,69,70,70,73,70,71,70,74,73,70,73
,,,,,,,,,,,,,,,,,,,,,,,,
cargo,76,,71,71,79,80,80,74,75,-,73,75,80,65,73,83,73,66,71,66,83,72,75,71
cargo,75,75,75,74,75,76,76,75,76,74,74,76,76,76,76,76,76,76,74,76,76,74,75,75
,,,,,,,,,,,,,,,,,,,,,,,,
cargo,73,73,73,73,73,74,73,73,73,72,73,73,74,74,73,74,73,73,73,74,73,73,72,72
cargo,71,72,72,74,74,75,71,73,72,73,74,73,75,73,74,72,74,70,74,73,75,73,71,73
,,,,,,,,,,,,,,,,,,,,,,,,
cargo,70,71,75,75,73,73,66,70,68,66,67,68,70,69,68,69,70,66,71,72,68,71,71,71
cargo,76,74,76,75,77,79,78,76,77,75,74,75,76,76,75,75,77,76,76,77,77,76,74,75
,,,,,,,,,,,,,,,,,,,,,,,,
cargo,73,74,73,72,72,73,73,73,75,75,75,75,76,76,75,76,75,74,75,74,74,74,74,74
cargo,71,71,71,71,71,70,70,72,72,72,73,73,74,74,73,73,72,72,71,71,71,71,71,71
,,,,,,,,,,,,,,,,,,,,,,,,
cargo,73,72,72,71,72,72,69,72,71,72,73,74,74,76,75,76,75,76,75,73,74,72,74,73
cargo,65,67,68,66,69,66,64,71,71,74,72,71,74,71,70,73,69,69,68,67,68,66,68,68
,,,,,,,,,,,,,,,,,,,,,,,,
cargo,70,71,69,72,65,68,74,68,76,73,67,74,74,71,66,72,63,68,66,68,63,67,67,72
,-,-,-,-,-,-,-,-,-,-,-,-,-,-,-,-,-,-,-,-,-,-,-,-
,,,,,,,,,,,,,,,,,,,,,,,,
,80,79,82,80,81,82,77,77,84,78,75,81,82,78,79,77,81,76,78,81,80,82,79,79
cargo,85,84,84,83,85,89,88,90,89,88,87,88,88,89,89,90,90,90,90,91,91,88,86,86
,,,,,,,,,,,,,,,,,,,,,,,,
car,82,93,62,70,67,90,72,83,85,83,73,85,77,84,78,90,82,83,86,85,90,85,86,79
<null>,<null>,,,,,,,,,,,,,,,,,,,,,,,
,"00-
01","01-
02","02-
03","03-
04","04-
05","05-
06","06-
07","07-
08","08-
09","09-
10","10-
11","11-
12","12-
13","13-
14","14-
15","15-
16","16-
17","17-
18","18-
19","19-
20","20-
21","21-
22","22-
23","23-
00"
car,64,64,64,64,61,61,60,59,59,59,59,59,60,60,59,60,59,59,59,59,59,60,61,63
cargo,66,68,68,67,66,65,62,58,60,59,59,58,59,59,59,59,59,60,58,59,62,63,63,64
,,,,,,,,,,,,,,,,,,,,,,,,
cargo,64,58,71,69,66,65,58,53,54,53,51,49,51,51,52,52,49,49,50,56,57,60,68,68
cargo,45,50,51,54,48,45,51,54,51,44,44,45,43,45,41,45,44,40,49,52,50,55,48,56
,,,,,,,,,,,,,,,,,,,,,,,,
cargo,-,,-,-,-,-,-,-,-,-,-,-,-,-,-,-,-,-,-,-,-,-,-,-
cargo,57,66,65,68,49,59,59,55,53,65,61,58,61,60,62,82,59,58,65,61,60,63,64,59
,,,,,,,,,,,,,,,,,,,,,,,,
cargo,68,68,68,69,68,68,67,66,63,62,62,63,63,63,63,64,63,64,65,64,65,64,66,67
cargo,71,68,64,71,68,59,63,72,57,56,53,54,58,63,51,55,50,59,66,64,61,66,67,74
,,,,,,,,,,,,,,,,,,,,,,,,
cargo,82,69,86,51,-,66,70,60,66,56,64,64,55,61,54,54,60,62,62,53,46,69,49,66
cargo,66,68,65,62,58,61,59,58,64,63,61,61,63,62,62,59,61,60,60,59,62,63,63,64
,,,,,,,,,,,,,,,,,,,,,,,,
cargo,65,65,63,64,67,64,65,60,58,58,59,59,59,61,58,58,58,59,59,59,59,61,62,66
cargo,66,67,68,67,66,67,66,62,62,60,60,60,61,61,61,61,61,60,61,61,62,64,64,65
,,,,,,,,,,,,,,,,,,,,,,,,
cargo,71,66,61,61,66,72,63,66,60,57,61,58,63,61,58,63,61,60,60,63,63,61,66,67
cargo,-,-,-,-,77,28,53,70,66,61,62,66,56,66,50,44,54,59,48,-,59,52,-,-
,,,,,,,,,,,,,,,,,,,,,,,,
cargo,-,-,-,-,-,68,-,51,11,57,51,48,41,35,45,60,50,65,65,56,46,78,87,83
,-,-,-,-,-,-,-,43,-,30,-,-,-,-,-,-,-,-,46,-,-,-,-,-
,,,,,,,,,,,,,,,,,,,,,,,,
,57,59,52,60,51,60,53,51,57,59,55,53,57,57,55,58,55,53,55,57,65,63,68,59
cargo,66,67,67,69,66,66,63,61,61,60,60,61,61,61,61,61,61,61,61,61,62,62,63,66
,,,,,,,,,,,,,,,,,,,,,,,,
car,78,70,71,67,77,52,61,55,55,60,68,66,61,62,63,65,68,62,71,68,64,69,72,65
<null>,<null>,,,,,,,,,,,,,,,,,,,,,,,
,"00-
01","01-
02","02-
03","03-
04","04-
05","05-
06","06-
07","07-
08","08-
09","09-
10","10-
11","11-
12","12-
13","13-
14","14-
15","15-
16","16-
17","17-
18","18-
19","19-
20","20-
21","21-
22","22-
23","23-
00"
car,75,75,73,73,74,74,76,77,76,76,76,76,76,77,76,77,75,75,75,75,75,75,75,76
cargo,69,71,71,70,70,70,71,68,70,70,70,71,70,71,70,71,70,69,70,70,69,69,69,69
,,,,,,,,,,,,,,,,,,,,,,,,
cargo,65,62,65,65,63,64,67,70,62,62,61,61,63,64,65,66,64,67,65,65,66,64,66,67
cargo,55,60,63,54,53,57,60,65,62,64,62,63,64,65,62,62,61,61,63,60,56,61,61,59
,,,,,,,,,,,,,,,,,,,,,,,,
cargo,-,,-,-,-,-,-,-,-,-,-,-,66,-,-,-,-,-,-,-,-,-,-,-
cargo,67,60,70,70,68,71,67,68,69,69,70,68,69,71,70,69,65,66,67,66,64,63,63,67
,,,,,,,,,,,,,,,,,,,,,,,,
cargo,65,65,66,66,67,68,69,70,70,69,68,69,69,70,69,69,69,69,69,68,67,66,65,65
cargo,67,67,66,63,66,69,69,67,67,66,68,66,65,66,66,66,67,66,65,63,62,64,66,65
,,,,,,,,,,,,,,,,,,,,,,,,
cargo,62,63,63,62,60,67,69,65,66,66,66,64,66,65,63,64,65,63,63,62,62,61,63,64
cargo,72,71,70,71,73,74,76,75,73,73,74,74,74,75,75,75,74,73,74,74,73,72,70,68
,,,,,,,,,,,,,,,,,,,,,,,,
cargo,70,70,69,67,71,71,73,73,72,72,73,73,73,73,73,72,71,71,71,71,70,70,69,69
cargo,66,66,66,66,66,67,69,70,70,69,69,69,69,70,69,69,68,67,67,66,66,65,66,66
,,,,,,,,,,,,,,,,,,,,,,,,
cargo,61,65,65,62,65,65,67,68,67,65,69,68,71,71,70,68,67,67,69,66,65,66,64,64
cargo,62,62,58,59,65,60,66,68,64,65,68,67,66,66,66,66,63,63,63,63,64,61,63,63
,,,,,,,,,,,,,,,,,,,,,,,,
cargo,66,62,63,46,-,59,59,62,70,65,62,59,69,62,68,63,63,59,61,55,59,59,52,59
,-,-,-,-,-,-,-,-,-,-,-,-,-,-,-,-,-,-,-,-,-,-,-,-
,,,,,,,,,,,,,,,,,,,,,,,,
,70,69,67,74,78,76,73,76,74,74,78,77,79,80,77,80,79,77,76,76,73,76,74,72
cargo,76,76,74,75,77,79,79,78,78,77,77,77,78,79,78,79,79,79,80,80,80,77,77,76
,,,,,,,,,,,,,,,,,,,,,,,,
car,79,74,68,68,71,78,68,70,65,62,65,71,70,79,65,67,75,66,74,76,75,69,73,69
<null>,<null>,,,,,,,,,,,,,,,,,,,,,,,
,"00-
01","01-
02","02-
03","03-
04","04-
05","05-
06","06-
07","07-
08","08-
09","09-
10","10-
11","11-
12","12-
13","13-
14","14-
15","15-
16","16-
17","17-
18","18-
19","19-
20","20-
21","21-
22","22-
23","23-
00"
car,73,73,73,74,76,80,80,81,82,82,82,81,81,81,81,80,78,78,78,78,76,75,74,74
cargo,74,74,73,72,75,76,76,77,78,78,78,77,77,76,77,77,76,75,76,76,74,74,74,74
,,,,,,,,,,,,,,,,,,,,,,,,
cargo,74,72,73,70,70,72,67,68,65,68,68,67,67,67,67,66,67,67,70,70,68,69,72,72
cargo,61,56,58,58,63,62,64,66,63,65,64,66,63,67,64,67,63,65,63,65,65,67,56,60
,,,,,,,,,,,,,,,,,,,,,,,,
cargo,-,,-,-,-,-,-,-,-,-,-,-,-,-,-,-,-,-,-,-,-,-,-,-
cargo,68,65,72,69,72,70,74,71,71,72,72,72,69,72,72,71,70,70,69,70,69,70,69,67
,,,,,,,,,,,,,,,,,,,,,,,,
cargo,71,70,70,70,72,74,73,74,74,74,75,74,74,74,75,74,74,73,74,74,73,71,70,70
cargo,71,67,69,70,72,71,72,74,73,71,76,73,75,74,73,74,72,70,72,73,74,70,71,66
,,,,,,,,,,,,,,,,,,,,,,,,
cargo,67,67,65,64,68,68,73,71,69,69,70,71,71,71,70,70,70,68,70,71,68,67,67,68
cargo,73,73,73,73,76,75,76,77,77,77,77,77,76,75,76,77,76,76,75,76,76,75,72,73
,,,,,,,,,,,,,,,,,,,,,,,,
cargo,71,70,70,71,73,74,73,74,76,74,75,75,76,75,75,75,73,73,73,73,72,72,71,70
cargo,69,68,68,69,70,70,72,73,74,74,74,74,74,74,74,73,71,71,70,70,69,69,69,69
,,,,,,,,,,,,,,,,,,,,,,,,
cargo,68,68,72,69,69,73,70,73,75,74,77,76,72,70,71,74,73,70,70,71,69,69,71,68
cargo,66,66,64,65,66,67,69,72,73,73,72,73,73,71,72,72,69,68,66,67,66,65,64,65
,,,,,,,,,,,,,,,,,,,,,,,,
cargo,57,74,71,69,76,68,67,67,75,65,64,65,64,80,74,68,79,67,69,67,70,67,69,70
,-,-,-,-,-,-,-,-,-,-,-,-,-,-,-,-,-,-,-,-,-,-,-,-
,,,,,,,,,,,,,,,,,,,,,,,,
,76,77,77,78,79,77,77,81,80,80,79,78,80,79,79,84,79,76,76,80,78,78,78,74
cargo,76,75,75,76,81,85,85,85,85,85,84,84,83,83,83,83,83,83,84,84,84,80,77,76
,,,,,,,,,,,,,,,,,,,,,,,,
car,77,92,63,69,70,84,78,83,76,81,84,76,87,81,82,82,77,88,74,82,87,72,86,83
<null>,<null>,,,,,,,,,,,,,,,,,,,,,,,
,"00-
01","01-
02","02-
03","03-
04","04-
05","05-
06","06-
07","07-
08","08-
09","09-
10","10-
11","11-
12","12-
13","13-
14","14-
15","15-
16","16-
17","17-
18","18-
19","19-
20","20-
21","21-
22","22-
23","23-
00"
car,76,75,74,74,75,78,80,80,80,80,80,80,81,81,81,80,78,78,78,78,78,76,77,77
cargo,72,72,69,66,70,73,71,72,73,73,73,73,73,74,75,74,72,71,70,70,69,70,69,68
,,,,,,,,,,,,,,,,,,,,,,,,
cargo,63,64,59,56,59,67,64,64,61,66,63,61,64,65,63,64,65,66,66,60,59,65,63,64
cargo,-,-,-,-,-,-,58,68,64,61,66,69,71,73,67,69,62,65,66,64,71,77,73,50
,,,,,,,,,,,,,,,,,,,,,,,,
cargo,-,,-,-,-,-,-,-,-,-,-,-,-,-,-,-,-,-,-,-,-,-,-,-
cargo,69,67,68,71,64,67,65,66,66,68,70,70,70,66,70,68,67,68,67,66,66,66,67,68
,,,,,,,,,,,,,,,,,,,,,,,,
cargo,55,55,61,55,58,59,60,62,60,60,62,61,63,64,64,64,62,60,61,59,59,57,58,58
cargo,-,-,-,-,-,-,-,-,-,-,-,-,-,-,-,-,-,-,-,-,-,-,-,-
,,,,,,,,,,,,,,,,,,,,,,,,
cargo,64,57,64,58,54,65,67,66,63,61,68,69,69,70,68,67,62,63,62,60,60,62,63,60
cargo,-,67,79,-,68,90,72,76,74,67,74,69,75,62,71,74,70,71,74,65,70,77,64,74
,,,,,,,,,,,,,,,,,,,,,,,,
cargo,64,65,68,65,65,72,68,68,69,71,70,71,71,70,70,71,69,67,69,68,66,66,68,66
cargo,63,60,62,61,62,61,64,64,66,68,67,68,68,68,68,68,65,65,64,63,62,63,64,61
,,,,,,,,,,,,,,,,,,,,,,,,
cargo,46,64,57,61,64,59,55,63,64,64,63,64,64,65,65,64,62,59,62,61,57,58,46,53
cargo,59,58,-,53,48,59,60,62,64,61,62,62,62,66,62,62,62,62,63,59,59,61,59,62
,,,,,,,,,,,,,,,,,,,,,,,,
cargo,-,-,-,-,-,-,-,-,-,-,-,-,-,-,-,-,-,-,-,-,-,-,-,-
,-,-,-,-,-,-,-,-,-,-,-,-,-,-,-,-,-,-,-,-,-,-,-,-
,,,,,,,,,,,,,,,,,,,,,,,,
,65,64,63,63,69,72,73,75,74,75,73,73,74,75,73,72,69,71,71,70,70,68,68,64
cargo,70,70,69,67,72,69,70,74,74,78,76,78,78,79,77,77,75,74,75,72,71,70,70,70
,,,,,,,,,,,,,,,,,,,,,,,,
car,59,81,70,66,82,80,77,72,77,73,68,73,76,73,72,77,75,72,74,67,72,64,69,73
<null>,<null>,,,,,,,,,,,,,,,,,,,,,,,
,"00-
01","01-
02","02-
03","03-
04","04-
05","05-
06","06-
07","07-
08","08-
09","09-
10","10-
11","11-
12","12-
13","13-
14","14-
15","15-
16","16-
17","17-
18","18-
19","19-
20","20-
21","21-
22","22-
23","23-
00"
car,90,89,89,88,89,89,86,84,82,81,81,81,81,81,81,81,80,81,82,83,84,86,88,89
cargo,81,80,82,82,81,81,77,76,74,74,75,75,76,76,76,75,75,75,76,77,78,81,81,81
,,,,,,,,,,,,,,,,,,,,,,,,
cargo,72,72,77,79,74,75,68,69,68,67,68,69,68,69,67,68,68,68,69,71,72,71,73,71
cargo,50,65,79,66,78,75,75,75,74,71,71,72,76,76,76,73,72,68,75,71,63,60,80,49
,,,,,,,,,,,,,,,,,,,,,,,,
cargo,-,,-,-,-,-,-,-,71,-,-,-,-,-,-,-,-,-,-,-,-,-,-,-
cargo,74,73,71,73,73,74,73,73,73,72,73,71,71,72,73,71,70,72,72,73,73,73,74,75
,,,,,,,,,,,,,,,,,,,,,,,,
cargo,67,66,66,64,65,65,65,66,65,65,66,65,66,65,66,64,65,65,66,66,66,66,68,68
cargo,-,-,-,-,-,-,-,-,-,-,-,-,-,-,-,-,-,-,-,-,-,-,-,-
,,,,,,,,,,,,,,,,,,,,,,,,
cargo,74,72,71,71,75,73,72,65,72,71,67,67,67,72,71,70,72,71,69,71,72,74,71,73
cargo,76,74,74,77,70,77,75,76,80,77,77,75,75,76,73,76,76,76,73,74,76,77,77,77
,,,,,,,,,,,,,,,,,,,,,,,,
cargo,77,76,77,75,76,76,76,75,74,74,74,74,74,74,75,74,74,74,74,75,75,75,76,76
cargo,75,75,75,75,75,75,75,74,73,73,73,73,74,74,74,73,72,73,73,73,73,74,74,75
,,,,,,,,,,,,,,,,,,,,,,,,
cargo,68,66,69,66,68,67,66,70,70,67,66,68,68,69,67,69,69,68,69,69,69,71,70,72
cargo,75,71,73,76,70,74,75,72,72,71,71,71,70,72,71,70,71,71,70,71,71,73,72,73
,,,,,,,,,,,,,,,,,,,,,,,,
cargo,-,-,-,-,-,-,-,-,-,-,-,-,-,-,-,-,-,-,-,-,-,-,-,-
,-,-,-,-,-,-,-,-,-,-,-,-,-,-,-,-,-,-,-,-,-,-,-,-
,,,,,,,,,,,,,,,,,,,,,,,,
,71,71,74,76,72,76,72,71,69,69,70,71,71,71,69,71,71,71,70,71,73,72,72,71
cargo,82,79,78,79,80,84,80,82,82,81,81,81,83,82,83,82,80,81,81,84,84,82,82,80
,,,,,,,,,,,,,,,,,,,,,,,,
car,78,79,79,86,84,84,80,79,76,78,77,77,77,76,77,76,77,75,74,77,78,78,77,78
<null>,<null>,,,,,,,,,,,,,,,,,,,,,,,
,"00-
01","01-
02","02-
03","03-
04","04-
05","05-
06","06-
07","07-
08","08-
09","09-
10","10-
11","11-
12","12-
13","13-
14","14-
15","15-
16","16-
17","17-
18","18-
19","19-
20","20-
21","21-
22","22-
23","23-
00"
car,65,65,65,66,64,62,57,52,52,54,55,55,55,55,55,54,54,53,53,54,55,57,60,62
cargo,63,63,65,65,63,60,56,53,53,53,54,55,55,54,54,54,53,53,53,53,54,56,58,61
,,,,,,,,,,,,,,,,,,,,,,,,
cargo,58,62,62,58,59,57,54,52,50,51,52,52,53,52,52,52,51,51,51,51,53,54,57,58
cargo,61,59,62,57,59,54,54,54,52,52,53,53,53,54,53,52,51,50,51,52,53,54,56,58
,,,,,,,,,,,,,,,,,,,,,,,,
cargo,-,,-,-,-,-,-,-,-,-,-,-,31,-,-,45,71,-,-,-,-,-,-,-
cargo,57,58,56,59,58,57,55,52,52,51,52,52,54,51,53,53,51,52,52,52,53,54,56,57
,,,,,,,,,,,,,,,,,,,,,,,,
cargo,54,55,55,54,56,58,55,52,51,52,52,52,52,51,52,51,49,50,49,50,50,50,52,53
cargo,-,-,-,-,-,-,-,-,-,-,-,-,-,-,-,-,-,-,-,-,-,-,-,-
,,,,,,,,,,,,,,,,,,,,,,,,
cargo,57,58,61,64,62,60,54,57,53,53,53,54,52,52,53,51,51,50,49,51,52,51,53,56
cargo,64,54,63,66,61,59,55,51,44,56,54,55,54,54,56,54,52,52,51,55,54,52,60,55
,,,,,,,,,,,,,,,,,,,,,,,,
cargo,59,60,60,61,60,59,57,55,53,54,55,55,54,54,53,53,52,52,52,53,54,54,56,58
cargo,57,57,57,58,58,56,55,53,52,53,54,54,53,53,53,52,51,51,51,52,52,53,54,56
,,,,,,,,,,,,,,,,,,,,,,,,
cargo,56,57,56,58,58,55,58,51,51,51,52,53,53,54,52,52,51,51,50,52,52,53,54,57
cargo,56,57,56,56,56,55,53,51,51,51,53,53,52,52,53,52,51,50,50,51,51,51,53,55
,,,,,,,,,,,,,,,,,,,,,,,,
cargo,-,-,-,-,-,-,-,-,-,-,-,-,-,-,-,-,-,-,-,-,-,-,-,-
,-,-,-,-,-,-,-,-,-,-,-,-,-,-,-,-,-,-,-,-,-,-,-,-
,,,,,,,,,,,,,,,,,,,,,,,,
,58,59,62,60,59,56,52,52,53,53,53,54,54,54,53,53,51,51,52,52,54,54,55,57
cargo,61,60,61,64,63,62,57,51,50,49,54,55,55,55,54,55,54,53,55,55,54,56,58,60
,,,,,,,,,,,,,,,,,,,,,,,,
car,62,59,63,67,61,60,60,52,52,55,54,56,54,55,55,54,54,52,53,52,55,54,57,61
<null>,<null>,,,,,,,,,,,,,,,,,,,,,,,
,"00-
01","01-
02","02-
03","03-
04","04-
05","05-
06","06-
07","07-
08","08-
09","09-
10","10-
11","11-
12","12-
13","13-
14","14-
15","15-
16","16-
17","17-
18","18-
19","19-
20","20-
21","21-
22","22-
23","23-
00"
car,87,87,88,86,86,87,86,84,84,83,82,81,81,80,80,81,81,79,79,82,82,80,83,86
cargo,80,80,80,79,79,80,79,77,78,77,75,76,76,75,76,76,76,75,75,76,78,76,79,80
,,,,,,,,,,,,,,,,,,,,,,,,
cargo,78,77,77,73,73,79,77,68,73,67,66,65,65,65,67,67,65,68,69,71,72,76,76,75
cargo,71,71,74,75,-,71,74,72,75,71,71,69,71,72,72,71,71,72,73,72,72,73,68,67
,,,,,,,,,,,,,,,,,,,,,,,,
cargo,-,,-,-,-,-,-,-,-,-,-,-,-,-,-,-,-,-,-,-,-,-,-,-
cargo,85,78,84,83,78,69,80,80,75,73,66,86,75,70,77,79,75,75,73,74,65,73,71,74
,,,,,,,,,,,,,,,,,,,,,,,,
cargo,81,79,85,80,74,74,79,74,68,72,69,68,65,68,66,70,69,73,69,73,70,79,80,80
cargo,-,-,-,-,-,-,-,-,-,-,-,-,-,-,-,-,-,-,-,-,-,-,-,-
,,,,,,,,,,,,,,,,,,,,,,,,
cargo,75,-,-,-,-,-,-,-,-,67,60,70,67,75,74,82,72,75,68,65,56,70,-,64
cargo,85,73,84,68,70,68,81,70,81,80,71,74,77,76,77,79,77,76,73,79,76,76,80,73
,,,,,,,,,,,,,,,,,,,,,,,,
cargo,79,76,78,76,76,76,76,74,75,76,75,75,76,75,76,76,75,74,74,76,75,75,75,77
cargo,79,79,79,80,78,78,77,75,76,76,76,76,76,75,75,75,75,73,74,75,76,76,77,78
,,,,,,,,,,,,,,,,,,,,,,,,
cargo,80,78,77,77,74,74,76,78,78,74,70,72,71,74,72,71,72,73,74,75,76,76,76,76
cargo,73,85,70,-,74,73,70,64,65,70,70,72,73,69,67,72,73,71,75,71,71,71,75,68
,,,,,,,,,,,,,,,,,,,,,,,,
cargo,-,-,-,-,-,-,-,-,-,-,-,-,-,-,-,-,-,-,-,-,-,-,-,-
,-,-,-,-,-,-,-,-,-,-,-,-,-,-,-,-,-,-,-,-,-,-,-,-
,,,,,,,,,,,,,,,,,,,,,,,,
,71,73,71,71,73,74,72,75,77,73,74,73,74,70,73,72,73,73,77,72,76,72,74,72
cargo,92,84,86,91,86,86,85,83,82,85,75,76,72,70,84,85,82,82,87,82,83,82,84,86
,,,,,,,,,,,,,,,,,,,,,,,,
car,83,77,80,89,90,79,91,82,80,79,78,74,78,75,78,79,75,74,74,75,78,80,73,79
<null>,<null>,,,,,,,,,,,,,,,,,,,,,,,
,"00-
01","01-
02","02-
03","03-
04","04-
05","05-
06","06-
07","07-
08","08-
09","09-
10","10-
11","11-
12","12-
13","13-
14","14-
15","15-
16","16-
17","17-
18","18-
19","19-
20","20-
21","21-
22","22-
23","23-
00"
car,81,80,81,81,81,85,85,82,82,82,82,82,82,81,82,81,80,78,81,82,82,81,79,81
cargo,78,79,78,78,78,79,80,78,78,79,78,77,77,76,77,77,76,74,75,77,79,78,78,78
,,,,,,,,,,,,,,,,,,,,,,,,
cargo,70,74,75,77,75,70,77,70,71,66,68,69,67,67,68,70,66,64,72,66,74,73,69,73
cargo,61,67,72,66,67,59,74,66,73,68,68,69,68,67,69,70,68,65,65,70,72,68,64,66
,,,,,,,,,,,,,,,,,,,,,,,,
cargo,-,,-,-,-,-,-,-,-,-,-,72,-,-,4,40,49,-,93,-,-,30,-,-
cargo,74,72,67,71,76,70,73,72,76,72,72,74,72,74,73,68,68,67,65,67,71,63,73,70
,,,,,,,,,,,,,,,,,,,,,,,,
cargo,69,-,67,64,54,69,65,69,72,62,65,66,66,64,66,69,68,71,61,70,72,65,65,72
cargo,-,-,-,-,-,-,-,-,-,-,-,-,-,-,-,-,-,-,-,-,-,-,-,-
,,,,,,,,,,,,,,,,,,,,,,,,
cargo,-,-,-,-,-,-,-,70,73,74,65,63,79,67,75,67,73,60,61,63,86,-,-,-
cargo,79,68,82,83,68,76,81,76,76,78,74,75,75,76,76,78,74,72,71,76,75,71,78,84
,,,,,,,,,,,,,,,,,,,,,,,,
cargo,76,73,74,76,71,74,77,75,75,75,74,74,74,74,74,75,74,71,73,73,74,73,76,73
cargo,71,73,72,73,75,75,75,73,73,73,73,73,73,73,73,73,72,68,70,71,71,71,71,71
,,,,,,,,,,,,,,,,,,,,,,,,
cargo,73,70,67,68,69,65,68,71,69,70,69,68,71,69,68,71,68,68,70,71,73,72,72,70
cargo,67,70,61,62,72,71,67,68,69,72,72,72,74,72,70,72,70,66,65,69,70,67,78,67
,,,,,,,,,,,,,,,,,,,,,,,,
cargo,-,-,-,-,-,-,-,-,-,-,-,-,-,-,-,-,-,-,-,-,-,-,-,-
,-,-,-,-,-,-,-,-,-,-,-,-,-,-,-,-,-,-,-,-,-,-,-,-
,,,,,,,,,,,,,,,,,,,,,,,,
,67,70,70,69,68,69,69,71,72,71,72,72,71,71,71,71,71,68,68,71,70,70,67,66
cargo,83,85,94,89,95,78,81,76,78,81,79,82,83,79,88,84,83,81,82,79,79,79,80,86
,,,,,,,,,,,,,,,,,,,,,,,,
car,76,90,81,80,82,82,87,77,77,82,80,77,74,78,78,80,78,75,76,78,81,75,72,82
<null>,<null>,,,,,,,,,,,,,,,,,,,,,,,
,"00-
01","01-
02","02-
03","03-
04","04-
05","05-
06","06-
07","07-
08","08-
09","09-
10","10-
11","11-
12","12-
13","13-
14","14-
15","15-
16","16-
17","17-
18","18-
19","19-
20","20-
21","21-
22","22-
23","23-
00"
car,80,78,79,79,78,77,78,79,79,76,75,75,76,77,76,77,77,75,77,78,77,76,77,78
cargo,74,79,80,80,79,75,70,71,73,71,71,71,72,72,70,71,73,71,74,75,75,76,71,73
,,,,,,,,,,,,,,,,,,,,,,,,
cargo,57,60,57,62,61,60,60,63,59,58,59,58,59,59,59,59,60,59,59,58,56,56,56,55
cargo,68,66,47,-,62,65,70,70,64,63,62,65,64,65,65,64,64,66,66,67,65,63,63,58
,,,,,,,,,,,,,,,,,,,,,,,,
cargo,-,,-,-,-,-,-,-,-,-,-,-,-,-,-,-,44,-,-,-,-,-,-,-
cargo,73,55,68,-,-,63,55,57,61,51,58,63,54,57,60,63,63,54,46,62,66,64,46,67
,,,,,,,,,,,,,,,,,,,,,,,,
cargo,64,-,61,-,44,47,50,70,61,54,51,53,55,58,55,57,54,56,52,52,50,51,48,54
cargo,-,-,-,-,-,-,-,-,-,-,-,-,-,-,-,-,-,-,-,-,-,-,-,-
,,,,,,,,,,,,,,,,,,,,,,,,
cargo,-,-,64,-,-,-,-,-,-,60,-,66,58,69,76,-,69,45,-,-,55,-,-,-
cargo,68,67,63,72,67,74,70,73,75,67,65,74,66,74,70,72,72,69,71,71,73,73,70,72
,,,,,,,,,,,,,,,,,,,,,,,,
cargo,67,68,70,69,66,70,70,71,69,67,67,67,67,67,66,67,67,66,68,67,65,66,65,67
cargo,63,63,66,65,67,64,65,64,66,65,65,66,65,66,66,65,66,63,63,63,63,63,63,64
,,,,,,,,,,,,,,,,,,,,,,,,
cargo,63,56,66,70,53,54,60,67,56,49,52,58,49,53,55,53,56,49,65,62,66,72,68,66
cargo,-,72,60,62,-,59,63,-,72,68,70,66,54,68,63,58,75,57,59,58,55,-,66,86
,,,,,,,,,,,,,,,,,,,,,,,,
cargo,-,-,-,-,-,-,-,-,-,-,-,-,-,-,-,-,-,-,-,-,-,-,-,-
,-,-,-,-,-,-,-,-,-,-,-,-,-,-,-,-,-,-,-,-,-,-,-,-
,,,,,,,,,,,,,,,,,,,,,,,,
,67,71,67,68,65,61,60,58,76,83,67,67,69,70,73,70,71,65,69,68,67,60,73,67
cargo,77,64,70,78,75,75,69,74,75,74,73,74,78,74,73,75,77,71,70,70,74,74,73,76
,,,,,,,,,,,,,,,,,,,,,,,,
car,73,63,71,77,72,69,69,75,77,70,73,70,73,71,71,70,74,71,70,70,69,76,68,75
<null>,<null>,,,,,,,,,,,,,,,,,,,,,,,
,"00-
01","01-
02","02-
03","03-
04","04-
05","05-
06","06-
07","07-
08","08-
09","09-
10","10-
11","11-
12","12-
13","13-
14","14-
15","15-
16","16-
17","17-
18","18-
19","19-
20","20-
21","21-
22","22-
23","23-
00"
car,92,92,92,92,91,91,86,86,87,87,87,88,88,89,88,87,85,83,84,87,88,90,92,92
cargo,84,84,86,86,86,86,80,78,81,80,81,82,82,82,83,81,80,78,79,81,80,81,86,85
,,,,,,,,,,,,,,,,,,,,,,,,
cargo,78,79,85,82,78,83,75,70,62,63,67,64,63,64,67,63,63,67,70,71,71,73,71,75
cargo,79,74,-,62,-,80,77,78,79,79,78,76,78,78,78,76,76,74,76,77,79,76,83,80
,,,,,,,,,,,,,,,,,,,,,,,,
cargo,-,,-,-,-,-,-,-,-,32,-,-,-,-,-,-,-,-,-,-,-,-,-,-
cargo,84,76,70,74,74,73,81,73,72,72,71,73,74,69,76,69,70,73,70,64,66,72,62,76
,,,,,,,,,,,,,,,,,,,,,,,,
cargo,78,78,78,70,74,70,73,75,60,65,63,63,62,66,67,69,62,67,66,64,71,68,79,71
cargo,-,-,-,-,-,-,-,-,-,-,-,-,-,-,-,-,-,-,-,-,-,-,-,-
,,,,,,,,,,,,,,,,,,,,,,,,
cargo,-,-,-,71,69,-,-,74,85,76,74,74,65,76,75,76,77,75,71,73,68,72,70,68
cargo,78,79,91,85,83,82,79,79,82,77,81,82,79,80,83,82,80,80,81,77,81,78,82,83
,,,,,,,,,,,,,,,,,,,,,,,,
cargo,81,81,83,83,83,83,80,79,79,79,80,80,79,79,80,79,78,77,77,78,79,80,81,81
cargo,80,79,80,80,80,80,79,78,78,78,78,78,78,78,78,78,76,75,76,77,77,78,78,78
,,,,,,,,,,,,,,,,,,,,,,,,
cargo,82,80,80,78,77,75,77,76,71,77,76,73,71,74,78,77,77,76,76,75,79,77,78,75
cargo,79,79,80,75,81,78,78,79,74,77,76,78,76,79,78,73,74,72,74,73,75,78,76,72
,,,,,,,,,,,,,,,,,,,,,,,,
cargo,-,-,-,-,-,-,-,-,-,-,-,-,-,-,-,-,-,-,-,-,-,-,-,-
,-,-,-,-,-,-,-,-,-,-,-,-,-,-,-,-,-,-,-,-,-,-,-,-
,,,,,,,,,,,,,,,,,,,,,,,,
,80,85,87,85,80,73,77,63,70,74,78,74,76,69,76,74,67,72,66,69,74,77,76,73
cargo,87,84,88,85,84,82,82,83,86,86,86,86,86,86,86,86,84,81,82,82,86,86,83,85
,,,,,,,,,,,,,,,,,,,,,,,,
car,86,71,78,86,75,97,82,82,86,83,79,81,83,80,83,81,83,81,86,84,86,78,84,76
<null>,<null>,,,,,,,,,,,,,,,,,,,,,,,
,"00-
01","01-
02","02-
03","03-
04","04-
05","05-
06","06-
07","07-
08","08-
09","09-
10","10-
11","11-
12","12-
13","13-
14","14-
15","15-
16","16-
17","17-
18","18-
19","19-
20","20-
21","21-
22","22-
23","23-
00"
car,92,92,92,91,91,91,91,91,92,92,92,91,91,91,91,90,90,90,91,91,91,90,91,91
cargo,82,84,83,84,85,86,85,84,85,84,85,85,84,84,84,84,83,83,85,84,84,82,83,83
,,,,,,,,,,,,,,,,,,,,,,,,
cargo,73,72,79,81,77,77,74,72,82,71,70,69,73,72,75,73,74,73,73,71,73,81,78,72
cargo,68,63,72,69,75,71,73,71,72,71,75,74,72,73,72,73,72,74,73,74,73,70,71,74
,,,,,,,,,,,,,,,,,,,,,,,,
cargo,-,,-,-,-,-,-,-,-,-,-,-,-,-,72,-,-,-,-,-,-,-,37,-
cargo,76,74,72,75,78,79,76,78,79,79,79,78,79,78,77,76,74,75,76,73,75,75,77,76
,,,,,,,,,,,,,,,,,,,,,,,,
cargo,61,62,61,60,65,67,68,66,64,62,65,64,66,65,66,66,64,65,65,65,64,63,62,63
cargo,-,-,-,-,-,-,-,-,-,-,-,-,-,-,-,-,-,-,-,-,-,-,-,-
,,,,,,,,,,,,,,,,,,,,,,,,
cargo,71,72,73,75,75,74,75,75,75,75,75,75,73,75,73,73,72,73,73,72,72,70,72,69
cargo,76,79,80,83,81,67,82,83,85,80,79,76,80,79,81,78,78,81,78,78,78,73,76,81
,,,,,,,,,,,,,,,,,,,,,,,,
cargo,78,78,81,79,80,79,79,78,79,78,79,78,79,79,79,79,78,77,79,77,77,77,77,79
cargo,75,75,76,76,76,77,76,76,77,77,77,77,77,77,76,76,75,75,75,75,75,73,74,74
,,,,,,,,,,,,,,,,,,,,,,,,
cargo,75,76,76,72,75,72,73,74,75,75,74,74,74,75,74,76,76,75,75,75,76,75,77,74
cargo,71,74,71,73,72,73,73,72,70,72,72,72,73,71,71,71,72,72,72,71,72,70,71,71
,,,,,,,,,,,,,,,,,,,,,,,,
cargo,-,-,-,-,-,-,-,-,-,-,-,-,-,-,-,-,-,-,-,-,-,-,-,-
,-,-,-,-,-,-,-,-,-,-,-,-,-,-,-,-,-,-,-,-,-,-,-,-
,,,,,,,,,,,,,,,,,,,,,,,,
,70,71,74,76,77,78,76,76,75,76,77,78,78,76,77,77,75,72,74,74,78,75,73,70
cargo,80,80,86,83,85,86,86,87,88,89,90,88,88,88,87,87,86,86,87,86,85,84,83,80
,,,,,,,,,,,,,,,,,,,,,,,,
car,82,84,82,87,87,91,86,90,84,83,82,85,82,83,80,82,82,80,83,86,83,81,84,83
<null>,<null>,,,,,,,,,,,,,,,,,,,,,,,
,"00-
01","01-
02","02-
03","03-
04","04-
05","05-
06","06-
07","07-
08","08-
09","09-
10","10-
11","11-
12","12-
13","13-
14","14-
15","15-
16","16-
17","17-
18","18-
19","19-
20","20-
21","21-
22","22-
23","23-
00"
car,84,84,84,85,88,90,89,86,85,85,85,86,85,85,84,84,83,82,83,84,83,81,82,83
cargo,79,78,79,81,81,81,80,79,77,78,78,79,79,79,78,78,78,77,77,78,77,76,77,78
,,,,,,,,,,,,,,,,,,,,,,,,
cargo,73,74,76,78,75,76,72,70,71,70,71,71,72,71,71,71,69,69,71,74,73,71,73,73
cargo,69,69,68,71,63,77,75,63,73,69,70,73,72,71,71,71,72,71,73,73,68,71,74,73
,,,,,,,,,,,,,,,,,,,,,,,,
cargo,-,,-,-,-,-,4,67,-,-,-,-,-,-,-,-,-,-,-,-,-,-,-,-
cargo,73,74,72,77,76,75,75,76,75,74,74,77,76,75,75,74,73,72,72,73,73,72,73,73
,,,,,,,,,,,,,,,,,,,,,,,,
cargo,67,68,70,69,64,66,66,68,68,67,66,66,66,67,67,67,67,66,66,65,65,65,66,65
cargo,-,-,-,-,-,-,-,-,-,-,-,-,-,-,-,-,-,-,-,-,-,-,-,-
,,,,,,,,,,,,,,,,,,,,,,,,
cargo,77,74,75,72,74,78,75,74,74,74,74,75,75,75,74,74,73,70,72,72,73,71,71,72
cargo,74,75,75,74,76,77,77,77,75,77,76,77,77,79,78,76,75,75,76,75,74,75,76,74
,,,,,,,,,,,,,,,,,,,,,,,,
cargo,74,75,76,76,76,77,76,76,76,76,76,77,77,77,77,76,75,74,74,74,74,74,74,74
cargo,73,74,74,74,74,74,74,75,75,75,75,76,75,75,75,74,73,72,72,72,72,72,72,73
,,,,,,,,,,,,,,,,,,,,,,,,
cargo,74,73,72,72,73,72,73,73,74,74,73,73,73,74,73,73,72,73,71,73,72,73,73,72
cargo,72,71,73,72,73,73,72,73,73,72,73,73,73,74,72,73,71,70,70,70,69,70,71,70
,,,,,,,,,,,,,,,,,,,,,,,,
cargo,-,-,-,-,-,-,-,-,-,-,-,-,-,-,-,-,-,-,-,-,-,-,-,-
,-,-,-,-,-,-,-,-,-,-,-,-,-,-,-,-,-,-,-,-,-,-,-,-
,,,,,,,,,,,,,,,,,,,,,,,,
,74,75,74,75,74,72,72,73,74,72,75,75,75,76,76,75,74,72,72,73,73,71,72,73
cargo,79,78,78,77,80,81,81,82,83,82,84,85,84,84,84,83,83,81,80,80,78,77,78,78
,,,,,,,,,,,,,,,,,,,,,,,,
car,80,80,78,80,83,82,83,81,78,80,80,81,80,79,81,79,79,78,77,77,78,78,77,78
<null>,<null>,,,,,,,,,,,,,,,,,,,,,,,
,"00-
01","01-
02","02-
03","03-
04","04-
05","05-
06","06-
07","07-
08","08-
09","09-
10","10-
11","11-
12","12-
13","13-
14","14-
15","15-
16","16-
17","17-
18","18-
19","19-
20","20-
21","21-
22","22-
23","23-
00"
car,89,88,89,90,90,90,88,86,86,86,86,87,87,87,88,87,85,85,86,88,89,89,89,89
cargo,79,78,77,80,80,81,79,78,78,78,77,78,79,79,80,80,78,79,79,79,79,79,78,79
,,,,,,,,,,,,,,,,,,,,,,,,
cargo,73,72,76,72,73,71,70,68,66,66,66,66,66,66,67,68,67,69,70,72,73,72,73,72
cargo,84,78,75,67,69,77,74,72,71,71,72,72,74,73,73,73,73,73,73,75,76,78,71,80
,,,,,,,,,,,,,,,,,,,,,,,,
cargo,94,,-,86,-,47,-,-,-,-,67,67,-,72,-,62,-,-,56,-,-,-,-,-
cargo,79,72,71,74,74,75,70,74,74,71,70,71,73,71,72,72,71,73,73,73,71,72,72,73
,,,,,,,,,,,,,,,,,,,,,,,,
cargo,69,65,66,71,70,72,68,67,68,67,66,65,67,67,67,67,66,66,69,68,67,67,66,65
cargo,-,-,-,-,-,-,-,-,-,-,-,-,-,-,-,-,-,-,-,-,-,-,-,-
,,,,,,,,,,,,,,,,,,,,,,,,
cargo,77,77,77,70,78,70,77,75,73,76,76,69,72,73,75,74,71,72,74,73,75,73,78,76
cargo,73,81,78,78,84,85,74,77,76,78,77,77,77,76,76,78,76,77,76,77,81,80,74,75
,,,,,,,,,,,,,,,,,,,,,,,,
cargo,77,76,77,77,77,76,76,76,75,75,75,76,76,77,77,76,75,76,76,77,77,77,77,77
cargo,76,76,76,76,76,76,75,75,74,74,74,75,75,75,76,75,74,74,75,76,76,76,76,76
,,,,,,,,,,,,,,,,,,,,,,,,
cargo,76,67,70,74,75,75,74,73,74,72,71,73,71,71,70,73,74,73,76,73,67,70,67,73
cargo,73,74,73,73,70,75,73,74,72,72,73,73,72,73,74,70,72,69,71,73,74,75,73,72
,,,,,,,,,,,,,,,,,,,,,,,,
cargo,-,-,-,-,-,-,-,-,-,-,-,-,-,-,-,-,-,-,-,-,-,-,-,-
,-,-,-,-,-,-,-,-,-,-,-,-,-,-,-,-,-,-,-,-,-,-,-,-
,,,,,,,,,,,,,,,,,,,,,,,,
,72,73,74,73,72,70,70,69,71,70,72,72,72,71,73,74,72,72,71,72,72,72,72,72
cargo,76,80,80,79,80,81,80,84,93,110,109,108,94,95,104,91,97,92,92,99,90,78,80,78
,,,,,,,,,,,,,,,,,,,,,,,,
car,79,80,82,86,83,86,79,76,81,79,77,76,78,80,79,78,79,79,79,80,80,82,83,80
<null>,<null>,,,,,,,,,,,,,,,,,,,,,,,
,"00-
01","01-
02","02-
03","03-
04","04-
05","05-
06","06-
07","07-
08","08-
09","09-
10","10-
11","11-
12","12-
13","13-
14","14-
15","15-
16","16-
17","17-
18","18-
19","19-
20","20-
21","21-
22","22-
23","23-
00"
car,97,95,93,94,95,95,96,99,100,99,99,100,100,100,101,100,100,99,100,100,100,100,99,98
cargo,80,77,78,81,80,82,83,83,84,84,84,84,84,83,83,84,83,84,83,83,81,80,79,79
,,,,,,,,,,,,,,,,,,,,,,,,
cargo,75,75,77,79,76,77,77,73,71,71,73,72,73,69,71,72,71,72,75,74,75,73,73,75
cargo,65,67,64,62,65,64,68,72,71,73,75,75,74,75,73,76,71,70,69,69,69,68,68,67
,,,,,,,,,,,,,,,,,,,,,,,,
cargo,-,,-,-,-,-,-,-,-,-,-,-,-,-,-,-,-,-,-,-,-,75,-,-
cargo,76,73,72,73,75,80,74,74,73,73,72,74,73,71,73,71,70,67,72,76,75,74,76,75
,,,,,,,,,,,,,,,,,,,,,,,,
cargo,67,64,68,70,69,65,68,69,67,65,68,71,67,71,69,68,66,66,68,68,69,68,70,71
cargo,-,-,-,-,-,-,-,-,-,-,-,-,-,-,-,-,-,-,-,-,-,-,-,-
,,,,,,,,,,,,,,,,,,,,,,,,
cargo,67,66,64,72,75,73,65,66,73,74,72,72,74,75,73,71,72,70,69,72,69,72,71,75
cargo,72,82,79,77,85,78,83,80,81,79,76,85,80,79,81,78,77,83,77,79,76,78,75,81
,,,,,,,,,,,,,,,,,,,,,,,,
cargo,77,76,77,76,77,78,77,77,79,79,78,79,79,79,79,79,78,77,78,78,78,78,78,77
cargo,75,74,75,74,74,75,76,76,76,77,77,77,77,77,77,77,75,75,75,76,76,75,75,75
,,,,,,,,,,,,,,,,,,,,,,,,
cargo,75,73,72,72,75,75,71,70,73,73,74,71,71,72,75,76,70,69,71,73,75,75,75,74
cargo,73,72,72,70,70,70,73,65,66,74,77,75,72,69,72,74,69,71,71,74,73,72,74,77
,,,,,,,,,,,,,,,,,,,,,,,,
cargo,-,-,-,-,-,-,-,-,-,-,-,-,-,-,-,-,-,-,-,-,-,-,-,-
,-,-,-,-,-,-,-,-,-,-,-,-,-,-,-,-,-,-,-,-,-,-,-,-
,,,,,,,,,,,,,,,,,,,,,,,,
,66,68,71,71,71,73,73,74,72,74,73,72,72,71,72,73,71,72,73,74,70,71,70,71
cargo,88,80,83,88,87,86,91,93,100,99,100,99,97,99,98,100,101,98,100,96,92,91,91,88
,,,,,,,,,,,,,,,,,,,,,,,,
car,80,85,85,89,89,94,87,94,88,84,90,91,84,88,87,88,88,84,92,86,88,84,85,86
<null>,<null>,,,,,,,,,,,,,,,,,,,,,,,
,"00-
01","01-
02","02-
03","03-
04","04-
05","05-
06","06-
07","07-
08","08-
09","09-
10","10-
11","11-
12","12-
13","13-
14","14-
15","15-
16","16-
17","17-
18","18-
19","19-
20","20-
21","21-
22","22-
23","23-
00"
car,77,78,78,78,79,80,79,78,75,74,74,75,75,75,75,75,74,73,74,74,75,75,74,76
cargo,75,75,75,71,73,75,72,73,72,71,71,72,72,71,72,72,71,71,71,71,72,72,72,73
,,,,,,,,,,,,,,,,,,,,,,,,
cargo,62,70,68,69,74,60,61,61,59,60,60,61,63,60,61,61,60,61,60,63,61,65,66,61
cargo,73,65,73,73,62,61,65,61,59,63,66,64,63,61,63,62,59,59,58,65,68,67,63,76
,,,,,,,,,,,,,,,,,,,,,,,,
cargo,88,,-,74,-,-,-,75,55,63,63,61,54,45,61,54,57,57,44,61,58,78,79,63
cargo,60,62,60,55,59,64,67,66,65,65,63,66,65,65,69,64,61,63,63,61,67,60,62,67
,,,,,,,,,,,,,,,,,,,,,,,,
cargo,63,66,66,59,68,67,64,64,65,62,63,63,61,61,61,61,61,63,61,59,62,62,65,62
cargo,74,64,71,82,75,69,74,72,66,66,64,74,63,71,68,70,63,63,60,66,66,67,74,65
,,,,,,,,,,,,,,,,,,,,,,,,
cargo,68,69,68,66,72,69,66,70,64,62,72,67,66,63,63,63,63,60,63,62,63,62,67,69
cargo,68,66,65,66,74,72,70,65,65,64,69,70,70,71,68,70,68,64,68,67,70,67,70,64
,,,,,,,,,,,,,,,,,,,,,,,,
cargo,72,73,74,73,74,74,74,71,72,71,70,70,71,71,71,71,70,68,68,69,70,70,69,71
cargo,70,70,70,71,71,72,71,70,70,69,69,69,70,70,69,69,69,68,68,68,68,68,68,69
,,,,,,,,,,,,,,,,,,,,,,,,
cargo,71,72,72,72,71,73,74,71,73,71,69,68,72,71,70,70,70,69,68,69,68,70,67,69
cargo,69,71,81,73,72,70,73,69,70,68,68,67,68,68,68,67,68,66,67,67,68,70,68,72
,,,,,,,,,,,,,,,,,,,,,,,,
cargo,68,72,70,69,65,79,72,68,65,61,68,73,68,64,68,66,65,62,65,65,62,68,67,69
,-,-,-,-,-,-,-,-,-,-,-,-,-,-,-,-,-,-,-,-,-,-,-,-
,,,,,,,,,,,,,,,,,,,,,,,,
,80,79,81,81,84,85,85,89,101,95,86,82,95,102,96,95,95,92,88,92,83,81,80,81
cargo,63,68,61,69,61,68,69,60,70,62,70,75,71,63,67,63,64,64,66,64,65,63,64,67
,,,,,,,,,,,,,,,,,,,,,,,,
car,74,76,77,75,74,76,72,73,71,70,70,70,71,70,71,70,70,68,70,69,71,72,72,75
<null>,<null>,,,,,,,,,,,,,,,,,,,,,,,
,"00-
01","01-
02","02-
03","03-
04","04-
05","05-
06","06-
07","07-
08","08-
09","09-
10","10-
11","11-
12","12-
13","13-
14","14-
15","15-
16","16-
17","17-
18","18-
19","19-
20","20-
21","21-
22","22-
23","23-
00"
car,73,74,75,75,78,83,84,82,81,80,79,79,79,79,79,78,78,76,76,75,75,73,73,73
cargo,70,69,70,71,75,78,77,75,75,74,73,73,74,73,73,73,72,71,70,70,69,68,69,69
,,,,,,,,,,,,,,,,,,,,,,,,
cargo,67,68,72,71,67,67,68,67,65,65,64,65,64,65,67,65,64,65,65,65,66,65,67,68
cargo,58,55,56,60,61,59,60,64,63,64,66,62,62,65,65,64,61,60,64,61,57,60,58,55
,,,,,,,,,,,,,,,,,,,,,,,,
cargo,-,,-,70,-,-,-,69,-,-,-,65,62,-,68,-,-,-,-,-,-,-,-,-
cargo,64,67,70,67,69,71,70,70,71,70,71,69,69,71,68,69,68,67,67,65,66,67,67,66
,,,,,,,,,,,,,,,,,,,,,,,,
cargo,68,68,67,68,69,71,71,72,72,71,71,71,71,72,72,72,71,71,70,70,69,67,67,67
cargo,66,69,68,67,68,66,69,69,72,70,69,67,68,70,73,70,71,72,69,70,68,66,67,68
,,,,,,,,,,,,,,,,,,,,,,,,
cargo,66,66,66,66,67,68,68,68,69,69,68,68,67,68,68,68,67,67,67,66,66,65,65,64
cargo,70,68,68,69,69,71,73,72,73,73,74,73,72,72,72,73,72,71,71,72,70,68,68,68
,,,,,,,,,,,,,,,,,,,,,,,,
cargo,68,69,68,68,70,71,71,72,71,71,71,71,71,71,72,70,69,69,68,68,68,67,67,67
cargo,68,68,68,69,68,70,72,72,72,72,71,71,72,72,71,71,70,68,68,68,67,67,67,67
,,,,,,,,,,,,,,,,,,,,,,,,
cargo,67,64,66,65,63,62,64,67,71,70,65,65,66,66,68,69,67,66,67,64,66,67,69,67
cargo,65,65,65,65,64,67,67,69,69,68,66,68,67,68,67,69,67,67,66,66,66,65,65,66
,,,,,,,,,,,,,,,,,,,,,,,,
cargo,50,59,59,62,52,68,-,75,63,66,71,63,63,64,69,72,59,69,55,62,64,71,64,59
,68,70,65,67,68,70,72,73,67,66,73,70,68,74,69,71,66,67,66,69,68,69,66,67
,,,,,,,,,,,,,,,,,,,,,,,,
,72,71,71,72,73,76,81,66,76,74,74,82,75,75,83,75,69,75,67,69,67,69,73,73
cargo,72,72,72,73,77,82,81,81,81,80,80,80,80,80,80,80,80,80,79,78,77,73,73,72
,,,,,,,,,,,,,,,,,,,,,,,,
car,74,72,72,69,75,76,82,76,80,67,73,73,75,77,78,75,69,70,77,78,75,71,73,74
<null>,<null>,,,,,,,,,,,,,,,,,,,,,,,
,"00-
01","01-
02","02-
03","03-
04","04-
05","05-
06","06-
07","07-
08","08-
09","09-
10","10-
11","11-
12","12-
13","13-
14","14-
15","15-
16","16-
17","17-
18","18-
19","19-
20","20-
21","21-
22","22-
23","23-
00"
car,77,77,77,76,77,78,76,75,76,75,74,73,73,73,73,73,72,71,71,71,71,73,74,75
cargo,74,74,75,75,75,74,72,71,74,73,71,71,72,72,71,71,71,69,69,70,70,71,72,73
,,,,,,,,,,,,,,,,,,,,,,,,
cargo,66,63,65,65,66,64,62,64,66,64,64,63,62,63,64,64,63,61,62,62,60,63,63,64
cargo,53,59,59,70,63,73,68,68,69,69,68,68,68,68,68,68,67,67,62,62,60,63,60,64
,,,,,,,,,,,,,,,,,,,,,,,,
cargo,26,,-,-,-,-,-,-,60,-,45,30,29,48,34,-,25,-,31,42,-,39,29,33
cargo,69,61,68,66,68,68,71,69,75,71,69,70,72,71,69,71,71,71,68,66,68,64,64,67
,,,,,,,,,,,,,,,,,,,,,,,,
cargo,69,69,66,66,65,64,65,65,64,65,64,67,64,65,66,67,66,69,66,66,67,69,62,67
cargo,57,50,68,67,72,77,56,65,62,65,71,70,73,60,62,63,66,59,67,66,65,61,63,60
,,,,,,,,,,,,,,,,,,,,,,,,
cargo,73,71,69,52,27,66,59,55,63,59,62,56,62,57,56,59,63,57,54,69,53,58,46,62
cargo,71,71,68,66,73,74,69,66,69,68,68,73,70,69,67,70,73,69,67,66,68,72,69,62
,,,,,,,,,,,,,,,,,,,,,,,,
cargo,71,73,72,73,72,71,71,70,72,72,71,71,72,72,72,72,70,69,69,69,69,70,71,72
cargo,71,71,71,72,72,73,73,72,73,74,73,73,73,73,73,72,72,71,70,69,69,70,70,70
,,,,,,,,,,,,,,,,,,,,,,,,
cargo,70,68,66,66,66,68,69,69,72,70,67,69,70,69,70,69,69,70,67,66,69,68,71,66
cargo,67,70,68,74,68,64,66,70,72,73,68,71,75,71,73,71,72,67,69,69,70,69,70,68
,,,,,,,,,,,,,,,,,,,,,,,,
cargo,57,88,72,38,66,72,62,67,74,70,66,60,76,59,68,60,54,49,60,55,62,63,59,70
,-,-,-,-,-,-,-,-,-,-,-,-,-,-,-,-,-,-,-,-,-,-,-,-
,,,,,,,,,,,,,,,,,,,,,,,,
,77,78,78,77,76,75,76,79,78,76,78,77,78,79,80,81,79,77,77,75,74,73,76,75
cargo,-,-,-,-,-,-,-,-,79,62,67,55,71,72,87,77,64,76,56,118,-,-,-,-
,,,,,,,,,,,,,,,,,,,,,,,,
car,72,73,74,74,75,75,73,72,74,73,72,72,70,70,71,69,70,70,71,70,68,70,72,72
<null>,<null>,,,,,,,,,,,,,,,,,,,,,,,
,"00-
01","01-
02","02-
03","03-
04","04-
05","05-
06","06-
07","07-
08","08-
09","09-
10","10-
11","11-
12","12-
13","13-
14","14-
15","15-
16","16-
17","17-
18","18-
19","19-
20","20-
21","21-
22","22-
23","23-
00"
car,86,85,84,84,85,86,85,86,87,86,86,86,87,87,87,87,85,84,84,85,85,85,85,86
cargo,81,80,80,79,80,81,80,81,82,80,80,81,81,82,82,82,81,79,80,80,80,80,79,80
,,,,,,,,,,,,,,,,,,,,,,,,
cargo,76,75,76,75,77,76,74,70,71,70,70,73,73,74,74,73,74,73,74,71,72,73,75,78
cargo,70,71,67,73,71,70,73,75,76,75,75,75,76,75,75,72,73,72,69,73,73,73,76,69
,,,,,,,,,,,,,,,,,,,,,,,,
cargo,-,,-,-,-,-,-,-,-,-,-,-,-,-,-,-,-,-,-,-,-,-,-,-
cargo,75,76,74,76,76,75,72,74,74,74,75,74,78,76,78,76,76,74,75,76,77,79,78,77
,,,,,,,,,,,,,,,,,,,,,,,,
cargo,79,79,76,76,78,77,76,76,73,74,76,73,74,74,75,75,75,77,76,77,77,77,78,78
cargo,82,84,79,94,70,78,74,77,78,73,77,77,75,80,77,81,83,78,77,81,80,79,78,77
,,,,,,,,,,,,,,,,,,,,,,,,
cargo,81,82,81,80,78,77,78,77,73,70,72,75,75,71,72,76,75,78,76,74,78,77,79,82
cargo,86,80,82,81,80,87,81,82,80,80,80,81,80,83,82,82,83,82,80,81,78,81,80,79
,,,,,,,,,,,,,,,,,,,,,,,,
cargo,78,78,78,78,78,78,77,78,79,78,78,79,79,79,79,79,78,77,77,77,77,77,78,78
cargo,77,76,76,76,77,77,77,78,78,77,78,79,79,79,79,78,78,76,77,76,76,76,77,77
,,,,,,,,,,,,,,,,,,,,,,,,
cargo,78,78,78,77,76,80,73,73,73,73,74,75,74,76,76,76,77,75,76,75,77,78,78,82
cargo,73,74,72,74,76,76,71,75,74,75,76,75,76,79,78,76,75,74,74,75,75,75,75,74
,,,,,,,,,,,,,,,,,,,,,,,,
cargo,76,79,71,67,64,73,76,72,70,73,69,73,73,73,76,73,72,72,69,73,69,77,79,77
,-,-,-,-,-,-,-,-,-,-,-,-,-,-,-,-,-,-,-,-,-,-,-,-
,,,,,,,,,,,,,,,,,,,,,,,,
,84,83,79,77,80,83,82,83,81,79,77,80,82,84,79,79,78,82,78,76,80,83,87,87
cargo,90,91,88,90,90,92,91,91,88,87,87,89,90,89,88,90,90,90,90,91,90,89,87,89
,,,,,,,,,,,,,,,,,,,,,,,,
car,67,122,76,87,66,92,61,55,59,55,55,54,48,60,59,52,45,45,35,49,62,97,53,-
<null>,<null>,,,,,,,,,,,,,,,,,,,,,,,
,"00-
01","01-
02","02-
03","03-
04","04-
05","05-
06","06-
07","07-
08","08-
09","09-
10","10-
11","11-
12","12-
13","13-
14","14-
15","15-
16","16-
17","17-
18","18-
19","19-
20","20-
21","21-
22","22-
23","23-
00"
car,64,64,65,65,65,66,67,68,68,67,67,67,68,68,68,68,68,67,66,66,65,65,65,64
cargo,62,62,66,65,63,63,65,66,64,63,63,64,64,66,65,66,66,64,64,63,62,61,61,62
,,,,,,,,,,,,,,,,,,,,,,,,
cargo,58,55,59,56,58,57,56,59,50,55,54,59,59,63,59,59,53,55,58,56,55,54,55,58
cargo,57,53,55,52,52,45,62,60,65,59,58,57,61,63,62,62,58,58,55,58,57,57,59,58
,,,,,,,,,,,,,,,,,,,,,,,,
cargo,-,,-,-,-,-,-,-,-,-,-,-,-,-,-,-,-,-,-,-,-,-,-,-
cargo,55,50,60,58,59,64,65,69,68,63,64,65,66,67,64,63,62,60,62,61,62,61,58,58
,,,,,,,,,,,,,,,,,,,,,,,,
cargo,55,56,57,55,58,59,59,61,61,59,59,59,59,59,59,59,59,59,57,57,58,56,56,54
cargo,57,55,56,51,64,57,76,71,66,63,59,62,62,63,62,56,63,54,55,54,58,66,53,57
,,,,,,,,,,,,,,,,,,,,,,,,
cargo,57,50,52,52,56,56,57,57,56,55,53,57,55,61,55,54,54,53,55,54,54,51,55,54
cargo,62,63,60,59,64,66,71,71,71,68,66,69,67,65,66,66,68,67,68,66,65,64,60,62
,,,,,,,,,,,,,,,,,,,,,,,,
cargo,63,63,61,62,64,64,70,70,69,67,67,67,68,68,67,68,67,65,65,64,63,63,64,65
cargo,59,58,59,59,58,59,62,63,62,61,61,61,62,62,62,61,61,60,59,59,59,58,58,59
,,,,,,,,,,,,,,,,,,,,,,,,
cargo,55,54,54,50,57,59,56,59,57,58,58,60,61,58,57,58,60,57,58,53,53,54,53,58
cargo,64,57,56,55,63,55,61,57,60,60,60,58,61,58,60,59,58,55,55,54,55,55,52,53
,,,,,,,,,,,,,,,,,,,,,,,,
cargo,62,60,61,-,65,80,56,55,62,61,62,58,57,64,65,65,59,53,56,54,68,59,53,53
,-,-,-,-,-,-,-,-,-,-,-,-,-,-,-,-,-,-,-,-,-,-,-,-
,,,,,,,,,,,,,,,,,,,,,,,,
,-,59,69,65,64,64,69,68,71,67,66,68,67,62,69,73,74,71,70,70,62,41,59,-
cargo,59,58,64,65,65,67,68,68,66,66,66,66,66,67,67,67,68,68,67,67,67,65,61,66
,,,,,,,,,,,,,,,,,,,,,,,,
car,50,68,63,58,-,54,72,79,53,65,56,65,66,68,60,62,36,38,75,61,47,70,65,51
<null>,<null>,,,,,,,,,,,,,,,,,,,,,,,
,"00-
01","01-
02","02-
03","03-
04","04-
05","05-
06","06-
07","07-
08","08-
09","09-
10","10-
11","11-
12","12-
13","13-
14","14-
15","15-
16","16-
17","17-
18","18-
19","19-
20","20-
21","21-
22","22-
23","23-
00"
car,71,70,69,69,69,73,76,78,78,78,78,79,80,80,80,80,79,76,75,73,71,71,71,70
cargo,64,64,63,64,65,69,70,71,70,71,72,71,72,72,72,73,72,70,69,67,66,66,65,64
,,,,,,,,,,,,,,,,,,,,,,,,
cargo,64,61,59,59,62,61,61,66,60,60,63,62,63,61,61,62,60,59,61,61,58,60,61,62
cargo,62,58,57,64,56,69,61,69,66,67,67,66,67,67,67,66,65,63,61,61,61,66,60,60
,,,,,,,,,,,,,,,,,,,,,,,,
cargo,-,,-,-,-,-,-,-,-,-,-,-,32,-,-,-,34,-,-,50,-,-,-,-
cargo,60,56,62,58,59,57,60,64,68,67,66,67,66,64,65,61,60,62,64,60,62,63,65,62
,,,,,,,,,,,,,,,,,,,,,,,,
cargo,65,64,64,64,64,66,66,66,65,63,66,64,63,66,61,67,61,62,64,66,61,63,63,62
cargo,59,60,71,67,59,56,66,64,61,67,78,69,72,76,69,75,60,64,60,88,72,68,62,61
,,,,,,,,,,,,,,,,,,,,,,,,
cargo,63,62,61,62,60,61,68,67,62,62,68,65,63,67,61,61,63,61,61,62,60,61,63,63
cargo,48,25,57,-,14,66,50,48,30,62,43,53,59,56,48,43,36,43,39,36,65,44,72,60
,,,,,,,,,,,,,,,,,,,,,,,,
cargo,63,63,63,63,61,64,67,67,68,67,68,69,68,68,67,68,67,65,65,64,63,62,63,63
cargo,63,63,62,63,63,64,66,67,68,68,68,68,69,69,69,68,67,65,64,64,62,63,63,63
,,,,,,,,,,,,,,,,,,,,,,,,
cargo,65,65,65,66,65,65,66,66,68,64,67,65,65,65,66,67,65,64,64,67,65,64,63,63
cargo,60,58,57,59,57,61,62,63,66,65,64,67,65,65,66,64,66,63,59,60,60,60,60,60
,,,,,,,,,,,,,,,,,,,,,,,,
cargo,46,24,34,56,41,41,25,43,47,29,37,50,52,41,45,39,48,40,36,36,37,45,46,49
,56,59,54,-,-,52,50,54,58,-,-,-,55,-,-,-,-,-,58,-,56,-,59,56
,,,,,,,,,,,,,,,,,,,,,,,,
,70,67,66,65,70,77,73,73,72,76,80,80,76,77,77,75,76,73,73,70,67,69,72,74
cargo,63,61,60,58,60,64,67,72,73,73,73,74,75,75,75,75,74,71,71,70,69,68,68,64
,,,,,,,,,,,,,,,,,,,,,,,,
car,11,9,13,17,14,16,11,12,13,11,12,11,12,11,12,13,12,10,11,11,11,11,10,14
<null>,<null>,,,,,,,,,,,,,,,,,,,,,,,
,"00-
01","01-
02","02-
03","03-
04","04-
05","05-
06","06-
07","07-
08","08-
09","09-
10","10-
11","11-
12","12-
13","13-
14","14-
15","15-
16","16-
17","17-
18","18-
19","19-
20","20-
21","21-
22","22-
23","23-
00"
car,65,64,64,61,62,65,67,70,71,70,69,69,69,70,70,71,68,65,65,67,68,68,67,65
cargo,64,63,65,67,66,66,64,65,65,65,64,65,65,65,65,66,64,62,63,64,66,66,63,61
,,,,,,,,,,,,,,,,,,,,,,,,
cargo,50,49,55,52,68,60,57,62,62,56,51,55,54,55,57,58,60,56,55,60,50,48,56,51
cargo,-,-,-,-,-,-,61,65,63,62,65,64,63,62,63,59,63,56,48,60,57,-,61,59
,,,,,,,,,,,,,,,,,,,,,,,,
cargo,-,,-,-,-,-,-,-,-,-,-,-,-,-,-,-,-,-,-,-,-,-,-,-
cargo,-,56,-,-,-,-,55,-,-,62,65,59,65,70,64,54,63,67,60,59,48,58,63,55
,,,,,,,,,,,,,,,,,,,,,,,,
cargo,62,44,59,64,-,-,56,52,52,56,55,54,50,56,59,55,53,54,52,63,55,64,51,74
cargo,-,-,-,-,-,-,-,-,-,-,61,-,-,54,67,-,52,-,-,55,-,-,61,-
,,,,,,,,,,,,,,,,,,,,,,,,
cargo,-,-,-,-,-,-,-,71,-,-,-,64,-,55,-,69,-,-,64,-,-,-,-,-
cargo,-,-,-,-,-,-,-,-,-,-,-,-,-,-,-,-,-,-,-,-,-,-,-,-
,,,,,,,,,,,,,,,,,,,,,,,,
cargo,63,65,63,72,67,67,66,67,68,68,67,68,68,67,66,67,66,62,60,65,64,64,63,63
cargo,64,59,60,56,65,64,64,66,65,65,64,63,63,63,62,62,61,57,57,60,60,60,61,61
,,,,,,,,,,,,,,,,,,,,,,,,
cargo,60,66,-,-,-,53,53,58,58,55,55,59,57,60,59,63,55,59,53,60,65,61,59,-
cargo,44,-,71,-,-,89,57,71,58,69,65,60,66,61,65,62,66,58,55,65,64,72,53,33
,,,,,,,,,,,,,,,,,,,,,,,,
cargo,-,-,-,-,-,-,58,-,-,49,60,71,-,46,71,-,78,61,-,-,-,-,-,-
,-,-,-,-,-,-,-,-,-,-,-,-,-,-,49,55,-,56,-,34,-,-,-,-
,,,,,,,,,,,,,,,,,,,,,,,,
,-,-,82,83,-,81,75,-,64,57,-,74,72,76,91,68,84,72,74,85,66,-,-,-
cargo,82,-,70,-,-,49,-,-,65,46,58,52,66,65,76,70,68,58,49,54,-,-,-,54
,,,,,,,,,,,,,,,,,,,,,,,,
car,-,-,-,-,-,-,-,-,-,-,-,-,-,-,-,-,-,-,-,-,-,-,-,-
<null>,<null>,,,,,,,,,,,,,,,,,,,,,,,
,"00-
01","01-
02","02-
03","03-
04","04-
05","05-
06","06-
07","07-
08","08-
09","09-
10","10-
11","11-
12","12-
13","13-
14","14-
15","15-
16","16-
17","17-
18","18-
19","19-
20","20-
21","21-
22","22-
23","23-
00"
car,69,66,66,66,66,65,67,69,72,73,73,74,75,76,75,75,71,67,68,69,69,69,69,68
cargo,70,69,68,68,66,67,67,65,68,70,70,69,70,70,71,71,67,64,65,68,68,69,67,67
,,,,,,,,,,,,,,,,,,,,,,,,
cargo,68,67,68,69,71,66,67,64,63,62,65,68,66,69,68,67,68,61,68,67,69,67,64,67
cargo,74,74,79,72,69,74,72,73,76,73,72,70,71,74,75,73,71,67,73,71,72,73,72,71
,,,,,,,,,,,,,,,,,,,,,,,,
cargo,49,,47,52,-,44,-,52,55,75,52,46,-,47,48,44,62,47,70,63,73,60,51,50
cargo,74,70,67,64,62,66,56,71,66,70,68,73,67,69,69,69,66,66,62,65,64,66,71,68
,,,,,,,,,,,,,,,,,,,,,,,,
cargo,65,-,74,-,56,71,54,60,62,62,60,58,62,66,69,64,58,58,61,55,61,64,70,63
cargo,75,77,62,44,73,58,59,81,68,71,62,58,66,78,72,59,66,63,60,58,60,60,73,60
,,,,,,,,,,,,,,,,,,,,,,,,
cargo,61,-,71,55,44,53,54,52,59,60,57,60,61,61,58,61,58,56,53,54,64,73,-,77
cargo,-,64,58,-,59,74,69,-,76,73,68,70,71,71,72,69,65,70,71,61,71,87,70,69
,,,,,,,,,,,,,,,,,,,,,,,,
cargo,73,74,74,74,74,71,69,71,73,74,73,73,73,74,76,75,72,70,72,71,71,73,73,72
cargo,69,70,69,69,69,69,69,70,71,71,72,72,72,72,72,72,70,67,68,68,69,68,69,68
,,,,,,,,,,,,,,,,,,,,,,,,
cargo,66,64,66,65,66,65,64,68,66,66,67,64,65,63,64,64,65,61,62,63,63,63,64,63
cargo,66,70,73,71,64,63,68,68,72,68,66,71,68,70,68,69,70,67,65,67,65,69,65,67
,,,,,,,,,,,,,,,,,,,,,,,,
cargo,67,68,67,68,73,72,69,55,64,71,67,64,64,59,60,72,63,59,61,60,68,60,63,68
,53,-,-,-,-,-,-,-,-,59,41,56,-,58,-,59,-,52,55,49,55,-,49,-
,,,,,,,,,,,,,,,,,,,,,,,,
,66,74,78,71,72,57,65,63,66,67,61,62,64,62,69,66,61,60,61,63,73,70,66,66
cargo,67,65,67,65,63,60,65,65,65,65,65,66,65,65,66,65,64,62,61,62,64,65,65,65
,,,,,,,,,,,,,,,,,,,,,,,,
car,-,-,-,-,-,-,-,-,-,-,-,-,-,-,-,-,-,-,-,-,-,-,-,-
<null>,<null>,,,,,,,,,,,,,,,,,,,,,,,
,"00-
01","01-
02","02-
03","03-
04","04-
05","05-
06","06-
07","07-
08","08-
09","09-
10","10-
11","11-
12","12-
13","13-
14","14-
15","15-
16","16-
17","17-
18","18-
19","19-
20","20-
21","21-
22","22-
23","23-
00"
car,65,64,64,64,62,62,64,66,68,68,69,70,69,69,69,69,67,64,64,63,64,64,64,64
cargo,64,64,64,64,66,66,65,67,70,69,69,68,68,69,69,69,68,65,66,65,65,65,64,64
,,,,,,,,,,,,,,,,,,,,,,,,
cargo,56,56,55,50,53,52,55,59,58,59,59,57,58,58,58,60,60,56,58,55,57,56,56,56
cargo,57,60,58,51,63,45,41,51,50,49,50,53,55,51,57,63,55,57,60,51,57,44,46,46
,,,,,,,,,,,,,,,,,,,,,,,,
cargo,35,,43,37,44,44,26,28,29,28,32,34,34,40,45,38,51,40,43,33,34,33,35,35
cargo,80,66,71,64,68,68,69,72,72,72,71,72,71,75,67,68,64,62,63,67,70,63,69,71
,,,,,,,,,,,,,,,,,,,,,,,,
cargo,57,59,51,59,59,55,56,58,58,60,56,55,56,58,56,55,55,52,55,53,54,51,52,51
cargo,77,80,72,77,58,61,63,61,57,63,62,72,69,66,62,61,57,52,61,56,54,62,67,76
,,,,,,,,,,,,,,,,,,,,,,,,
cargo,56,60,53,65,58,54,58,60,55,57,57,59,60,58,58,57,60,53,53,53,55,57,59,61
cargo,79,74,68,68,63,79,73,73,77,66,73,68,70,72,70,69,65,65,64,67,63,68,64,71
,,,,,,,,,,,,,,,,,,,,,,,,
cargo,63,63,63,63,62,64,63,66,69,68,69,69,69,68,69,68,65,62,63,63,62,62,62,62
cargo,60,60,60,59,60,60,60,62,64,65,65,65,64,64,63,63,61,59,59,59,59,59,59,59
,,,,,,,,,,,,,,,,,,,,,,,,
cargo,60,60,61,60,60,58,59,60,62,63,62,64,62,62,63,63,62,59,59,60,59,59,62,59
cargo,57,58,57,57,57,58,57,58,62,61,62,63,60,63,60,59,57,55,57,57,57,56,56,56
,,,,,,,,,,,,,,,,,,,,,,,,
cargo,58,62,59,65,41,53,53,54,51,57,58,58,52,57,54,54,59,50,49,51,54,53,55,53
,-,-,-,-,-,-,-,-,-,-,-,-,-,-,-,-,-,-,-,-,-,-,-,-
,,,,,,,,,,,,,,,,,,,,,,,,
,101,98,81,81,79,89,91,105,106,104,111,102,103,91,94,91,89,86,79,76,81,83,85,85
cargo,82,125,155,156,142,177,112,70,79,117,116,148,142,155,128,85,74,58,69,65,73,81,111,106
,,,,,,,,,,,,,,,,,,,,,,,,
car,62,60,60,63,62,65,63,66,67,68,67,67,67,64,66,65,65,62,62,61,60,61,64,58
<null>,<null>,,,,,,,,,,,,,,,,,,,,,,,
,"00-
01","01-
02","02-
03","03-
04","04-
05","05-
06","06-
07","07-
08","08-
09","09-
10","10-
11","11-
12","12-
13","13-
14","14-
15","15-
16","16-
17","17-
18","18-
19","19-
20","20-
21","21-
22","22-
23","23-
00"
car,65,65,65,66,64,64,62,58,58,58,59,59,60,59,59,60,58,54,57,59,61,63,63,64
cargo,63,63,65,63,65,65,62,58,58,60,60,61,62,61,61,61,60,57,58,59,61,62,62,62
,,,,,,,,,,,,,,,,,,,,,,,,
cargo,51,56,52,51,57,55,51,45,47,47,47,47,49,48,48,49,48,44,46,47,48,50,50,52
cargo,18,48,40,60,30,51,30,43,32,42,33,35,33,31,35,32,29,25,29,26,30,28,46,22
,,,,,,,,,,,,,,,,,,,,,,,,
cargo,-,,-,-,-,-,-,-,-,-,32,-,46,40,33,37,-,27,28,-,-,-,-,-
cargo,66,63,45,54,73,66,65,59,57,58,53,57,71,52,60,50,51,57,61,57,44,48,61,66
,,,,,,,,,,,,,,,,,,,,,,,,
cargo,-,50,51,64,-,-,62,54,55,59,56,51,59,59,57,59,53,47,54,55,61,56,62,76
cargo,50,39,29,40,57,19,52,48,39,30,37,36,35,32,37,30,41,34,33,24,27,50,10,43
,,,,,,,,,,,,,,,,,,,,,,,,
cargo,63,44,-,-,-,-,-,43,39,38,38,35,36,34,29,34,31,32,36,46,41,39,39,36
cargo,54,73,69,64,64,72,65,61,62,58,60,52,53,58,54,61,60,50,52,56,61,61,52,65
,,,,,,,,,,,,,,,,,,,,,,,,
cargo,61,63,65,67,68,65,63,60,59,59,60,59,63,61,60,60,59,57,57,60,60,63,61,65
cargo,65,63,62,64,62,65,63,60,60,59,62,60,62,61,62,62,60,56,60,61,62,63,63,65
,,,,,,,,,,,,,,,,,,,,,,,,
cargo,59,56,63,67,-,50,57,49,55,48,48,48,52,48,52,51,53,45,54,51,59,56,57,59
cargo,65,76,63,74,59,75,73,64,64,63,61,57,57,57,57,58,60,55,58,58,61,62,61,68
,,,,,,,,,,,,,,,,,,,,,,,,
cargo,42,-,-,30,-,74,-,20,46,39,56,46,44,37,54,35,36,51,49,56,61,67,62,-
,-,-,-,-,-,-,-,-,-,-,-,-,-,-,-,-,-,-,-,-,-,-,-,-
,,,,,,,,,,,,,,,,,,,,,,,,
,63,59,64,71,63,73,71,86,96,90,89,99,97,98,102,104,92,89,91,82,77,79,73,74
cargo,-,-,-,-,-,-,-,51,57,49,50,71,52,81,28,62,53,-,-,-,-,-,-,-
,,,,,,,,,,,,,,,,,,,,,,,,
car,67,56,60,63,61,64,62,58,58,58,58,60,58,61,58,61,59,56,57,60,62,60,58,62
"","",,,,,,,,,,,,,,,,,,,,,,,
,"00-
01","01-
02","02-
03","03-
04","04-
05","05-
06","06-
07","07-
08","08-
09","09-
10","10-
11","11-
12","12-
13","13-
14","14-
15","15-
16","16-
17","17-
18","18-
19","19-
20","20-
21","21-
22","22-
23","23-
00"
car,102,102,101,99,99,98,98,97,97,98,99,100,100,101,100,99,96,97,97,99,100,102,102,103
cargo,78,79,78,77,78,76,77,76,76,77,77,77,78,78,78,78,77,76,77,77,78,78,78,78
,,,,,,,,,,,,,,,,,,,,,,,,
cargo,75,72,75,74,72,71,71,70,70,70,72,72,72,72,72,72,71,70,71,72,73,74,74,73
cargo,68,65,69,69,66,67,73,72,71,72,72,74,73,75,76,74,73,73,73,73,74,72,65,69
,,,,,,,,,,,,,,,,,,,,,,,,
cargo,-,,-,-,-,-,-,-,76,-,79,80,-,-,70,-,57,64,-,-,-,-,-,-
cargo,75,77,76,75,77,76,82,97,99,95,90,90,87,88,90,91,90,94,92,93,89,83,78,77
,,,,,,,,,,,,,,,,,,,,,,,,
cargo,75,75,75,75,73,74,74,73,72,73,73,74,76,75,75,74,75,73,73,75,75,75,76,76
cargo,77,73,77,77,74,77,76,75,74,75,77,79,72,76,75,74,74,77,75,77,76,73,73,74
,,,,,,,,,,,,,,,,,,,,,,,,
cargo,77,76,77,77,75,77,73,72,73,70,77,76,77,77,76,77,75,73,71,75,76,77,75,77
cargo,77,74,79,78,84,76,77,78,75,77,76,77,74,77,74,72,76,74,73,75,76,78,77,78
,,,,,,,,,,,,,,,,,,,,,,,,
cargo,79,79,79,78,77,77,78,76,75,77,78,78,78,79,79,78,76,76,77,77,77,78,79,79
cargo,78,79,79,78,78,78,77,76,76,77,78,78,78,79,78,78,76,76,75,76,77,77,78,78
,,,,,,,,,,,,,,,,,,,,,,,,
cargo,76,74,75,76,82,72,71,70,74,67,70,74,72,74,74,74,73,71,71,72,69,73,74,75
cargo,75,76,75,74,76,79,75,72,73,72,75,75,77,77,77,77,74,74,73,73,74,73,74,74
,,,,,,,,,,,,,,,,,,,,,,,,
cargo,76,73,75,80,77,74,78,91,86,82,78,80,77,80,80,79,76,74,81,76,79,72,67,76
,-,-,-,-,-,-,-,-,-,-,-,-,-,-,-,-,-,-,-,-,-,-,-,33
,,,,,,,,,,,,,,,,,,,,,,,,
,89,90,90,89,89,88,82,81,83,83,86,85,86,88,86,86,85,84,82,82,83,81,89,88
cargo,77,77,78,80,75,76,74,75,81,79,76,77,79,77,79,82,84,77,78,78,79,79,79,82
,,,,,,,,,,,,,,,,,,,,,,,,
car,92,66,84,-,66,-,-,98,105,129,101,111,99,91,91,95,106,95,97,96,104,71,71,100
